id,feature0,feature1,feature2,feature3,feature4,feature5,feature6,feature7,feature8,feature9,feature10,feature11,feature12,feature13,feature14,feature15,feature16,feature17,feature18,feature19,feature20,feature21,feature22,feature23,feature24,feature25,feature26,feature27,feature28,feature29,feature30,feature31,feature32,feature33,feature34,feature35,feature36,feature37,feature38,feature39,feature40,feature41,feature42,feature43,feature44,feature45,feature46,feature47,feature48,feature49,feature50,feature51,feature52,feature53,feature54,feature55,feature56,feature57,feature58,feature59,feature60,feature61,feature62,feature63,feature64,feature65,feature66,feature67,feature68,feature69,feature70,feature71,feature72,feature73,feature74,feature75,feature76,feature77,feature78,feature79,feature80,feature81,feature82,feature83,feature84,feature85,feature86,feature87,feature88,feature89,feature90,feature91,feature92,feature93,feature94,feature95,feature96,feature97,feature98,feature99,feature100,feature101,feature102,feature103,feature104,feature105,feature106,feature107,feature108,feature109,feature110,feature111,feature112,feature113,feature114,feature115,feature116,feature117,feature118,feature119
1,95099.6,7496.7,7490.1,7431.3,7303.5,7353.3,7298.6,7419.3,7445.1,7294.2,7666.0,7512.8,7471.0,7588.7,7543.9,7307.4,7392.7,7435.5,7377.2,7301.2,7483.6,7661.0,7336.3,7558.9,7638.4,7384.1,7465.7,7489.4,7526.1,7463.2,7461.4,7626.7,8150.5,8097.7,7762.4,7542.2,7839.7,7661.9,7624.9,7662.4,7681.7,7841.4,7723.7,7795.6,8119.4,7704.1,7621.3,7903.4,7781.0,7596.2,7884.3,7581.6,7484.7,7895.2,7650.7,7734.4,7702.5,7996.5,7980.8,7698.6,7743.5,7946.2,7922.7,8304.7,7907.3,8079.4,7973.4,7920.6,7900.0,8139.2,8093.9,7940.4,8002.0,7920.3,7822.9,7825.7,7747.9,8145.4,8028.8,7859.7,8255.6,8203.1,8179.3,8227.0,7948.8,7962.7,8026.6,7821.5,7855.6,8176.4,8004.1,7992.1,8110.3,8259.7,8267.2,8194.7,8248.1,7954.5,8147.3,7980.6,7950.1,8285.6,7951.9,7885.2,7866.4,8355.3,7886.4,7996.5,7956.0,7802.6,7895.5,7974.4,8314.6,7897.7,7678.3,7907.3,8017.6,8261.7,7932.6,8001.9
2,6285940.4,6275515.4,6269602.7,6289999.4,6356910.1,6362047.1,6161616.9,6164309.0,6161888.4,6191013.1,6162381.6,6196291.2,5788574.0,5794051.2,5806293.5,5804663.1,5789203.2,5811002.4,6522317.3,6522852.1,6546726.4,6540368.3,6540243.1,6546054.2,6427300.4,7313326.1,6454936.0,6442605.5,7314803.7,7297736.3,7168374.0,7223227.4,7198454.3,7215883.1,7196601.7,7161327.2,7008784.5,7017020.6,7017285.3,7052311.0,7050787.0,7047755.8,7790313.3,7854481.5,7863204.6,7831989.5,7816453.5,7865965.8,7777830.1,7749719.8,7742107.6,7722958.5,7703355.3,7729954.3,8501000.6,7566886.8,8496819.6,8500390.0,7576385.3,7579840.8,8418249.7,8306883.4,8390120.3,8316473.6,8373349.5,8407911.2,9135850.9,9214985.9,9095708.6,9107741.1,9142376.1,9131906.6,1.55149223E7,1.54091007E7,1.54831195E7,1.53918129E7,1.54601977E7,1.54150796E7,1.54584009E7,1.54327478E7,1.5381714E7,1.53568456E7,1.54555681E7,1.53240173E7,1.6113478E7,1.5283351E7,1.53140935E7,1.52870589E7,1.52755968E7,1.52893781E7,1.61212464E7,1.60794257E7,1.62288799E7,1.60748807E7,1.60959641E7,1.59969601E7,1.70292392E7,1.70118626E7,1.71322958E7,1.70803402E7,1.70854318E7,1.71313061E7,1.60108783E7,1.6079881E7,1.60997463E7,1.60134129E7,1.60790296E7,1.61685357E7,1.6868656E7,1.70633827E7,1.69080607E7,1.68423153E7,1.70054294E7,1.68528901E7,1.76779468E7,1.68365373E7,1.68096162E7,1.69020626E7,1.76072041E7,1.68525503E7
3,8180526.3,8176802.7,8184636.9,8268301.6,8183164.5,8280018.9,8199290.8,8190860.3,8212212.7,8210469.7,8198131.3,8181530.3,8806723.7,8788806.4,8783704.8,8788312.1,8819266.2,8800626.7,8750283.8,8759245.3,8768424.2,8773555.7,8765876.3,8769087.8,8704555.4,8767577.2,8667510.9,8701751.1,8674634.7,8755323.8,8650484.4,8684089.8,8698324.3,8711030.3,8657145.2,8636088.0,8608014.3,8681637.9,8620560.8,8614436.9,8638230.3,8638974.9,8671600.9,8700582.7,8685541.9,8680949.7,8665409.2,8710392.9,8661170.0,8630660.2,8621655.7,8686350.3,8647315.0,8624864.3,8533318.4,8537365.5,8584914.1,8553793.7,8583135.9,8531314.7,9378285.5,9526865.2,9519143.4,9467939.5,9494449.3,9508934.5,1.86299541E7,1.8562619E7,1.85508751E7,1.85614076E7,1.86032447E7,1.86377958E7,1.85450438E7,1.86390567E7,1.8544346E7,1.86657889E7,1.86708074E7,1.85991483E7,1.85730494E7,1.85663709E7,1.86289041E7,1.85943517E7,1.85624497E7,1.85841058E7,1.87349212E7,1.88991247E7,1.87785444E7,1.87565567E7,1.87195176E7,1.87748945E7,1.88525437E7,1.87714664E7,1.88311532E7,1.87721857E7,1.8751249E7,1.87530692E7,1.8835021E7,1.87953639E7,1.87933792E7,1.88421974E7,1.89018751E7,1.89099376E7,1.88152144E7,1.87791725E7,1.88227016E7,1.87996795E7,1.88703128E7,1.88574676E7,1.88541617E7,1.88275971E7,1.88371619E7,1.88476426E7,1.88366423E7,1.888345E7,1.88415795E7,1.88319181E7,1.8973629E7,1.8874836E7,1.88981565E7,1.88951604E7
4,8228526.9,8222339.6,8230926.9,8228108.5,8203733.0,8233843.6,8162978.3,8163636.1,8201448.3,8162935.9,8244142.0,8197033.8,8910996.8,8903705.1,8913980.9,8900077.1,8883416.4,8901383.9,8920224.0,8875981.9,8940226.8,8931503.5,8928724.6,8909223.3,8903900.7,8859851.1,8849619.6,8896092.3,8910253.5,8882777.4,8919414.1,8920084.3,8886270.4,8877110.1,8896882.5,8844975.9,9008263.6,8892881.3,8982652.5,8988585.5,8913001.4,9004686.0,8963858.1,9029089.1,8982432.2,8971378.4,8975357.8,8980010.4,8964342.2,8975730.7,8939564.0,8966581.6,8982876.6,9002581.7,8894512.1,8965205.5,8930800.9,8912836.9,8904581.7,8921557.2,1.80186887E7,1.80605043E7,1.80330635E7,1.8063226E7,1.80104197E7,1.80640126E7,1.80730596E7,1.79993037E7,1.80771827E7,1.81399588E7,1.80637133E7,1.81163561E7,1.80839883E7,1.81261428E7,1.81032333E7,1.81187396E7,1.81329489E7,1.81292959E7,1.81459452E7,1.82156419E7,1.83760004E7,1.81412545E7,1.81876122E7,1.8198174E7,1.84750453E7,1.92679615E7,1.92742E7,1.84099323E7,1.92491543E7,1.8420137E7,1.93479021E7,1.93356481E7,1.9287648E7,1.85020983E7,1.93574768E7,1.93470366E7,1.93571746E7,1.93858576E7,1.94598365E7,1.94530722E7,1.9398152E7,1.93727388E7,1.95335378E7,1.94806771E7,1.93962307E7,1.94627591E7,1.94978907E7,1.95051396E7,1.94747743E7,1.95856939E7,1.94893704E7,1.95961371E7,1.95147182E7,1.95389082E7,1.95408314E7,1.97128853E7,1.95635362E7,1.95511833E7,1.92704001E7,1.96542652E7
5,8278985.5,8260013.6,8231805.2,8251325.6,8270838.7,8257224.0,8204303.6,8200905.6,8229459.3,8208358.7,8109119.2,8217252.6,8978452.9,8963293.7,8975227.3,8963105.4,8954635.5,8958671.7,8978662.8,8981083.2,8990732.1,8984379.0,8943049.3,8956193.6,8972991.1,8979899.8,8999542.2,8996524.2,8999716.0,8989009.9,9042486.9,9011373.7,8968343.4,8987062.0,9005875.9,8994243.1,9063688.4,9072237.6,9128809.2,9090522.8,9112408.0,9124122.8,9130054.5,9107196.3,9134513.3,9155824.0,9138489.2,9095040.5,9110545.7,9117654.8,9053411.7,9161054.4,9101944.2,9128186.4,9065894.1,9121876.9,9117543.5,9100673.0,9061752.2,9100205.3,1.82487392E7,1.82359653E7,1.82571421E7,1.82515715E7,1.82675823E7,1.8275673E7,1.83376123E7,1.83154322E7,1.83311164E7,1.83001794E7,1.83290682E7,1.83448283E7,1.83786921E7,1.83613332E7,1.83992537E7,1.84196715E7,1.834706E7,1.83488555E7,1.8628711E7,1.85730471E7,1.85622823E7,1.85853117E7,1.86137886E7,1.85989711E7,1.86549653E7,1.86385142E7,1.862684E7,1.86476839E7,1.86715561E7,1.86393237E7,1.87144047E7,1.87703922E7,1.87113388E7,1.87545676E7,1.87503485E7,1.8714222E7,1.88567621E7,1.88240167E7,1.88112479E7,1.87946635E7,1.88385265E7,1.87966725E7,1.90371954E7,1.90542076E7,1.89054036E7,1.88546217E7,1.88883335E7,1.88850101E7,1.89705989E7,1.90226535E7,1.89716581E7,1.88944896E7,1.89774943E7,1.89502101E7,1.89460763E7,1.89344761E7,1.89460755E7,1.89454881E7,1.86577534E7,1.89410717E7
6,8286983.1,8302077.1,8281205.1,8282792.9,8295505.1,8309808.7,8160932.9,8143307.7,8158857.8,8149406.5,8143239.9,8144008.6,9021693.7,9019438.3,9037126.8,9066688.4,9106259.9,9093353.4,9062870.4,9069030.1,9037005.2,9021728.7,9024848.8,9017815.0,9067395.7,9064597.8,9049610.8,9068624.2,9088180.7,9073795.8,9100401.6,9067465.7,9142478.0,9090193.3,9067745.4,9130803.5,9221285.5,9172557.4,9181001.2,9162066.2,9059508.5,9148173.2,9201832.1,9237295.1,9222174.7,9211158.4,9295018.9,9237747.1,9249902.6,9215467.0,9286959.6,9306493.0,9215224.4,9240896.2,9197803.2,9225070.5,9192143.8,9239195.8,9222549.5,9241418.0,1.84133767E7,1.84204241E7,1.83987548E7,1.83886943E7,1.83670765E7,1.83829613E7,1.84678833E7,1.84206886E7,1.84350731E7,1.84200774E7,1.84873769E7,1.84927047E7,1.85675391E7,1.85382828E7,1.8491751E7,1.85053993E7,1.86241711E7,1.84570686E7,1.87661823E7,1.88020338E7,1.87472454E7,1.87035894E7,1.87845683E7,1.8738532E7,1.88947224E7,1.88403264E7,1.88842814E7,1.88101298E7,1.87585796E7,1.89531054E7,1.88828119E7,1.89575644E7,1.88896722E7,1.88606506E7,1.89112522E7,1.8904081E7,1.90279358E7,1.90198595E7,1.89638931E7,1.90210042E7,1.91175931E7,1.89995236E7,1.90393328E7,1.91228819E7,1.90386761E7,1.92294089E7,1.88038937E7,1.9101898E7,1.91765476E7,1.91515515E7,1.91738458E7,1.92727765E7,1.9210783E7,1.91682904E7,1.92501626E7,1.92236665E7,1.91937148E7,1.91950762E7,1.8883022E7,1.9200113E7
7,8293627.9,8289970.5,8320820.4,8340327.7,8289806.1,8369365.2,8169426.6,8259230.5,8180498.3,8163563.7,8206576.9,8178413.6,9105817.1,9017236.5,9058557.8,9044702.0,9061766.5,9117720.6,9113551.7,9090330.5,9120274.9,9064165.2,9098469.2,9059318.2,9162759.3,9125243.0,9099835.2,9090625.5,9123387.0,9083887.5,9204124.2,9115792.6,9123042.3,9115941.2,9140935.4,9101100.0,9295720.4,9267675.9,9300743.5,9330498.4,9125849.9,9287710.7,9356773.7,9289923.4,9301963.8,9298881.2,9295959.8,9302476.4,9330006.6,9362247.9,9315379.9,9330231.5,9348653.7,9294319.5,9282132.6,9337397.8,9256914.3,9320293.4,9416272.9,9282787.4,1.84488419E7,1.84915489E7,1.8540925E7,1.8491314E7,1.84750398E7,1.84768093E7,1.85513768E7,1.8602031E7,1.86179329E7,1.85959321E7,1.85345679E7,1.85720704E7,1.86724292E7,1.86340349E7,1.86168868E7,1.8651833E7,1.86318587E7,1.86302134E7,1.88386962E7,1.88907152E7,1.8875791E7,1.88774298E7,1.88874254E7,1.8821593E7,1.89895272E7,1.89821452E7,1.9012579E7,1.89247864E7,1.89401677E7,1.89289295E7,1.9013712E7,1.90472093E7,1.90114773E7,1.89902581E7,1.90247891E7,1.90469604E7,1.91872225E7,1.91794097E7,1.90925604E7,1.91534652E7,1.92375339E7,1.9184244E7,1.92200332E7,1.9181797E7,1.92047937E7,1.93496946E7,1.92218853E7,1.92207252E7,1.934247E7,1.9315909E7,1.94476992E7,1.93450469E7,1.93546198E7,1.93133909E7,1.93408754E7,1.93219738E7,1.94031097E7,1.93196346E7,1.91559103E7,1.93178562E7
8,8339756.9,8358402.1,8321108.3,8355617.8,8347679.2,8386789.8,8236891.5,8238874.8,8225930.3,8209621.9,8263547.0,8218426.1,9126802.0,9124733.1,9132772.4,9078466.3,9121148.5,9146861.8,9100272.4,9219955.9,9178575.7,9136828.1,9184702.2,9115708.5,9231267.8,9146992.2,9194784.8,9135370.9,9256860.5,9204069.3,9193550.0,9248168.9,9207734.9,9197583.1,9158757.3,9200089.0,9338463.6,9326186.0,9333755.0,9283428.6,9231618.5,9288584.9,9422978.7,9343830.3,9387426.5,9391509.5,9312689.9,9322982.4,9403855.5,9436021.0,9427122.0,9381626.9,9410832.5,9412128.1,9389428.8,9388418.5,9436737.8,9376419.6,9369795.9,9418070.9,1.85808747E7,1.85464389E7,1.85880447E7,1.85947155E7,1.86508221E7,1.85124591E7,1.86756828E7,1.8658491E7,1.86401242E7,1.85866147E7,1.86058264E7,1.86240324E7,1.89213865E7,1.87005035E7,1.87519665E7,1.87109371E7,1.86962782E7,1.87091813E7,1.89594553E7,1.89303907E7,1.90049899E7,1.88957123E7,1.89616784E7,1.89531528E7,1.91845404E7,1.89903072E7,1.90280072E7,1.90991643E7,1.90557455E7,1.90047645E7,1.9164183E7,1.91149838E7,1.91275013E7,1.90989534E7,1.91331317E7,1.91994455E7,1.92462274E7,1.93401999E7,1.92366111E7,1.92601126E7,1.92911515E7,1.92809653E7,1.93562297E7,1.93867482E7,1.94077891E7,1.93449905E7,1.94332264E7,1.94125263E7,1.94634094E7,1.95326327E7,1.93702147E7,1.94819436E7,1.94562197E7,1.93904841E7,1.94489782E7,1.94903078E7,1.9447657E7,1.94618228E7,1.94786236E7,1.95272915E7
9,8365848.0,8359053.8,8362158.1,8329537.3,8396157.6,8345793.7,8208938.3,8212786.5,8251592.6,8229271.0,8252309.9,8232595.1,9116825.3,9111823.8,9146794.0,9105297.4,9104263.3,9161208.3,9195963.2,9209659.8,9223362.4,9169830.5,9195072.2,9184736.0,9172984.7,9146649.6,9186994.7,9198215.8,9180208.6,9180009.3,9263827.9,9231243.4,9227004.8,9223397.0,9296339.4,9165296.5,9350652.6,9346449.3,9410117.3,9419324.6,9245881.2,9357159.9,9407663.8,9368458.9,9458490.3,9393906.9,9368861.9,9374743.5,9426111.0,9426278.6,9440910.7,9466744.0,9514873.2,9434056.7,9458045.3,9431040.9,9405227.8,9496412.0,9463371.7,9471210.1,1.86433005E7,1.85730924E7,1.8653452E7,1.86653393E7,1.86337291E7,1.86019924E7,1.86943861E7,1.86841697E7,1.86891653E7,1.86263343E7,1.87070861E7,1.86626087E7,1.87648025E7,1.87917506E7,1.88002358E7,1.87723622E7,1.87978998E7,1.87330242E7,1.90827045E7,1.9041689E7,1.90348902E7,1.90704327E7,1.91070514E7,1.89624826E7,1.91847932E7,1.9084566E7,1.91148424E7,1.91175246E7,1.90921917E7,1.91064416E7,1.92369016E7,1.92372458E7,1.91712146E7,1.924841E7,1.91888432E7,1.92685522E7,1.93324059E7,1.937114E7,1.93555852E7,1.94029693E7,1.93439773E7,1.93380726E7,1.94974699E7,1.94262081E7,1.94217376E7,1.94693862E7,1.94606583E7,1.94356802E7,1.94718262E7,1.95048252E7,1.9505999E7,1.94893582E7,1.92448449E7,1.96412236E7,1.9639399E7,1.96045456E7,1.96050778E7,1.95921623E7,1.95630019E7,1.9607513E7
10,8414436.7,8429078.0,8342556.5,8410400.2,8409197.0,8427300.9,8248992.8,8261821.9,8363768.1,8244147.6,8342411.2,8279032.6,9154556.6,9142192.9,9139287.1,9157688.2,9179428.9,9240208.5,9218470.9,9220189.3,9160206.4,9160014.5,9266101.6,9190682.4,9320156.5,9228356.2,9208693.6,9232840.4,9206792.6,9237731.5,9228316.5,9283678.0,9324771.0,9277299.5,9309476.1,9244086.0,9393221.8,9382803.3,9401598.1,9379732.5,9408227.7,9387168.0,9453392.3,9487821.2,9454641.8,9440200.3,9483316.1,9427079.4,9433085.7,9523304.2,9536683.7,9576931.5,9516092.6,9548460.7,9453597.2,9485305.0,9474805.0,9533616.7,9481192.3,9508845.5,1.87104116E7,1.86579007E7,1.87892408E7,1.87922818E7,1.86977266E7,1.86542171E7,1.88036579E7,1.8793523E7,1.87297013E7,1.87685734E7,1.87298089E7,1.87236286E7,1.88576869E7,1.90084145E7,1.88116175E7,1.88053663E7,1.8835043E7,1.89118321E7,1.90765877E7,1.91711768E7,1.90796682E7,1.90227891E7,1.90655378E7,1.90713346E7,1.91998297E7,1.91545313E7,1.92253904E7,1.92186982E7,1.9317968E7,1.92110366E7,1.93272586E7,1.92803179E7,1.93080934E7,1.92721199E7,1.92844888E7,1.93182661E7,1.94085552E7,1.93610522E7,1.93844153E7,1.93794179E7,1.9414444E7,1.94131403E7,1.9541126E7,1.95260326E7,1.95374809E7,1.9510505E7,1.95388752E7,1.95397571E7,1.95412909E7,1.95604613E7,1.97302979E7,1.96684506E7,1.96690494E7,1.96996773E7,1.96593788E7,1.97385622E7,1.96696835E7,1.97824549E7,1.96548816E7,1.9710057E7
11,8408886.1,8463587.2,8464367.7,8398923.7,8486368.2,8446355.6,8353107.9,8361423.7,8310026.4,8378911.0,8352541.0,8273600.4,9227101.8,9223817.5,9156088.6,9240404.8,9204415.2,9188703.7,9187474.6,9239304.8,9249264.6,9269189.0,9211620.8,9172975.5,9357988.0,9364779.1,9205328.1,9280605.9,9272707.8,9261895.9,9349390.9,9277269.2,9292658.7,9308048.1,9294655.0,9261840.6,9441019.2,9419043.9,9417707.0,9374727.5,9419601.8,9478059.1,9506831.5,9496057.9,9645468.1,9444525.4,9527365.5,9565427.2,9495049.8,9575435.0,9512030.5,9562123.0,9511291.0,9586568.4,9579097.6,9516162.7,9495737.9,9580014.7,9513354.7,1.01922799E7,1.87125474E7,1.87422729E7,1.87289213E7,1.87519525E7,1.86636732E7,1.87715861E7,1.87711785E7,1.8780424E7,1.87674944E7,1.87451352E7,1.87723366E7,1.88559349E7,1.89151408E7,1.90330117E7,1.89114553E7,1.89469095E7,1.89065973E7,1.88474916E7,1.92257725E7,1.90973687E7,1.90851604E7,1.92406438E7,1.91289496E7,1.91585444E7,1.92228094E7,1.93494479E7,1.92849654E7,1.92693508E7,1.92477041E7,1.92347699E7,1.93298708E7,1.92896796E7,1.93318039E7,1.94777491E7,1.93473619E7,1.94132749E7,1.94480765E7,1.94731593E7,1.94365106E7,1.94498741E7,1.9399945E7,1.94336269E7,1.95961697E7,1.95384354E7,1.95458288E7,1.95696508E7,1.95958891E7,1.96925822E7,1.96832795E7,1.9665549E7,1.97576167E7,1.97251654E7,1.97218241E7,1.97434987E7,1.97935892E7,1.96360049E7,1.97143385E7,1.97659792E7,1.96969895E7,1.97571362E7
12,8460002.0,8494894.7,8468886.2,8393172.6,8476408.4,8522587.4,8335039.0,8299902.4,8301560.6,8470871.1,8251088.1,8282724.9,9274611.9,9206617.7,9262095.2,9222381.5,9245631.8,9225287.5,9233450.1,9232175.5,9270807.7,9295712.4,9219228.6,9217355.4,9263080.4,9310408.5,9238510.8,9256773.2,9291049.1,9292000.1,9352795.1,9315970.7,9302905.4,9382641.1,9459775.4,9286721.9,9485429.8,9528281.4,9541901.8,9465311.0,9463149.6,9436336.1,9527449.2,9492064.2,9632923.7,9523984.2,9588085.4,9708369.8,9560644.9,9637624.0,9566766.1,9542360.6,9528627.1,9527022.6,9582405.6,9547381.0,9620982.4,9529691.7,9584364.2,9565721.5,1.88680129E7,1.8753303E7,1.87449525E7,1.89040805E7,1.87347085E7,1.87456499E7,1.89687406E7,1.89163534E7,1.87951298E7,1.88636839E7,1.88696293E7,1.88398014E7,1.89537619E7,1.90238176E7,1.89331014E7,1.88843967E7,1.91627363E7,1.90797312E7,1.91958334E7,1.92557769E7,1.92078779E7,1.91685274E7,1.91337124E7,1.91413375E7,1.93170264E7,1.92460823E7,1.93159417E7,1.9256248E7,1.92656346E7,1.93390958E7,1.95223613E7,1.95295828E7,1.92923254E7,1.93402067E7,1.9402192E7,1.95083382E7,1.95804242E7,1.95384789E7,1.94455452E7,1.95024668E7,1.95146119E7,1.96083005E7,1.96897491E7,1.95818983E7,1.96406846E7,1.97302998E7,1.97468608E7,1.97071178E7,1.96910549E7,1.98465027E7,1.97065022E7,1.96683207E7,1.9657925E7,1.98358372E7,1.97671954E7,1.98440582E7,1.97029573E7,1.9837451E7,1.98205856E7,1.98012047E7
13,8422448.4,8566011.2,8448732.9,8453809.9,8453803.9,8438572.7,8362933.3,8391404.5,8307524.0,8312886.7,8534660.7,8418723.1,9402890.8,9306565.5,9264401.6,9300760.4,9202621.7,9223517.4,9426723.1,9246173.5,9261258.4,9292836.4,9331988.2,9238041.1,9368702.3,9278925.0,9417497.1,9302454.1,9316796.9,9341968.2,9399483.4,9364202.7,9305247.2,9358851.0,9319694.2,9319703.6,9408409.4,9496550.8,9517303.7,9513544.9,9572251.6,9558105.4,9529452.6,9516756.5,9635388.8,9582564.5,9558199.2,9702343.2,9645158.5,9616489.9,9649323.6,9596511.3,9575775.1,9624925.7,9703913.5,9599745.5,9560955.8,9550117.3,9577887.3,9531127.8,1.88138883E7,1.89185629E7,1.88260174E7,1.88457619E7,1.8805425E7,1.88528547E7,1.88640311E7,1.88847159E7,1.89619376E7,1.88451995E7,1.88805366E7,1.89755449E7,1.90221335E7,1.90064404E7,1.89459975E7,1.91533319E7,1.91662084E7,1.89617529E7,1.93169128E7,1.92329915E7,1.92151179E7,1.92346388E7,1.9205199E7,1.92508069E7,1.93080242E7,1.93594179E7,1.93352476E7,1.94293624E7,1.93511361E7,1.9285361E7,1.95704493E7,1.95930237E7,1.95186561E7,1.91532889E7,1.9439321E7,1.94752431E7,1.9608252E7,1.96711829E7,1.95467628E7,1.95876094E7,1.95842599E7,1.96429407E7,1.96959705E7,1.95972546E7,1.97292528E7,1.97798683E7,1.9713409E7,1.98416095E7,1.98021056E7,1.97427482E7,1.9802124E7,1.97810826E7,1.98148706E7,1.97757455E7,1.98757926E7,1.98335141E7,1.98536738E7,1.98583504E7,1.98871439E7,1.97802138E7
14,8544799.4,8415826.1,8452168.3,8459636.6,8563619.0,8475028.1,8384283.8,8335425.9,8321720.5,8296163.7,8419139.7,8617482.5,9219524.8,9296382.6,9297042.9,9238228.1,9290763.8,9232122.2,9312251.3,9371821.7,9252350.2,9350415.5,9270039.4,9370355.1,9357017.4,9415792.9,9361536.8,9286214.7,9366675.7,9378157.0,9372169.5,9407546.4,9346744.2,9462451.4,9427786.6,9490814.3,9554500.2,9549974.8,9593574.4,9480387.6,9517035.6,9529855.9,9564675.5,9584324.6,9587500.1,9551845.4,9621405.6,9600598.4,9611884.9,9633729.8,9828404.1,9601438.5,9683831.4,9542403.8,9702088.6,9841982.4,9643310.9,9682662.4,9771073.1,9648781.8,1.88956693E7,1.88231343E7,1.88443325E7,1.88879072E7,1.88475814E7,1.88386684E7,1.89451499E7,1.89129918E7,1.88539623E7,1.89535473E7,1.89355752E7,1.88746049E7,1.90922483E7,1.91100307E7,1.91032458E7,1.9132748E7,1.90216914E7,1.92986748E7,1.92523752E7,1.91796267E7,1.93659876E7,1.92189733E7,1.93659791E7,1.93784906E7,1.94236062E7,1.93512461E7,1.94707512E7,1.93967456E7,1.9392274E7,1.94504415E7,1.94629212E7,1.95728946E7,1.95586076E7,1.95704939E7,1.9440745E7,1.94323036E7,1.96286136E7,1.96544146E7,1.99327328E7,1.9691163E7,1.95822711E7,1.97843227E7,1.97107435E7,1.99205795E7,1.96930736E7,1.9782615E7,1.96869838E7,1.98894542E7,2.00031108E7,1.97931236E7,1.97829375E7,1.98674891E7,1.98261939E7,1.98481788E7,1.99702933E7,1.98767334E7,2.00321511E7,1.99361792E7,1.98182482E7,1.98823846E7
15,8644203.8,8486009.1,8520007.6,8565344.5,8544523.4,8443214.6,8519275.5,8704862.6,8438447.8,8447102.9,8432722.5,8360279.6,9249293.9,9264769.6,9289611.7,9385942.8,9234945.2,9292173.4,9487851.4,9443450.5,9306186.5,9482814.8,9415316.8,9312849.2,9316634.6,9508837.8,9385408.9,9366622.2,9445550.6,9419403.7,9511829.1,9341189.2,9473653.6,9510374.7,9541176.6,9529394.9,9592441.7,9719496.2,9593741.8,9555229.2,9511425.9,9682936.6,9685318.5,9755597.1,9783879.7,9626876.6,9683005.0,9652969.4,9643574.7,9639172.6,9673469.0,9676363.5,9652847.1,9704294.7,9831412.1,9705867.3,9731530.9,9685643.0,9714346.5,9676662.3,1.88188233E7,1.88830467E7,1.88644115E7,1.89041119E7,1.89393164E7,1.88100357E7,1.8947719E7,1.89106858E7,1.8911763E7,1.89115456E7,1.91304737E7,1.903022E7,1.90381126E7,1.90198424E7,1.90589201E7,1.90803173E7,1.90971907E7,1.91762061E7,1.94894223E7,1.93425308E7,1.949041E7,1.93138427E7,1.93404801E7,1.94913472E7,1.95070934E7,1.94224454E7,1.94755252E7,1.93984631E7,1.93813461E7,1.94914009E7,1.95887936E7,1.95390581E7,1.96186399E7,1.95003368E7,1.94856426E7,1.96477786E7,1.98333173E7,1.9615549E7,1.95248802E7,1.96694994E7,1.96448035E7,1.96275628E7,1.97627425E7,1.98041551E7,1.97414981E7,1.98427324E7,1.97441854E7,1.97942111E7,1.98915394E7,1.9887541E7,1.98701394E7,1.99049311E7,1.98616722E7,1.98638282E7,1.99389634E7,2.00370241E7,1.99322931E7,2.01730391E7,2.01094669E7,1.98978468E7
16,8563410.9,8575510.4,8499409.6,8687917.9,8606607.9,8487229.0,8444772.4,8456321.3,8426601.0,8380585.2,8496148.2,8466691.9,9328238.7,9316006.2,9316727.1,9331013.8,9476564.7,9302573.2,9328156.7,9314002.6,9378151.2,9425170.1,9376917.5,9344267.8,9353807.2,9406806.5,9336630.7,9482954.0,9435984.7,9441397.0,9551227.5,9521429.0,9486402.6,9464285.9,9467388.5,9473236.7,9581508.3,9734323.5,9566295.5,9662799.8,9534804.6,9551049.4,9659669.0,9641174.4,9751245.1,9641099.1,9656924.7,9673155.2,9613484.6,9742910.3,9885331.5,9697755.3,9677993.4,9698643.1,9703036.4,9685358.5,9704164.2,9679330.0,9762209.7,9745751.1,1.89167026E7,1.86008794E7,1.89046602E7,1.89135813E7,1.89347832E7,1.89554508E7,1.9098359E7,1.91614487E7,1.90945485E7,1.91507198E7,1.90179845E7,1.9037971E7,1.90574151E7,1.91472245E7,1.91289147E7,1.92299847E7,1.90629175E7,1.90669372E7,1.93385344E7,1.93463128E7,1.92969428E7,1.93229926E7,1.94597886E7,1.93549393E7,1.94402491E7,1.94351843E7,1.96837755E7,1.96355322E7,1.94883095E7,1.9470547E7,1.95314842E7,1.95481432E7,1.96444182E7,1.96566964E7,1.95653341E7,1.95686048E7,1.96652958E7,1.97839166E7,1.97444219E7,1.9627977E7,1.96799698E7,1.96436292E7,1.98625822E7,1.98785971E7,1.98557035E7,1.98365835E7,1.98009556E7,1.97976253E7,1.99592406E7,1.99190588E7,1.99484486E7,1.98982925E7,1.98760546E7,2.00553793E7,1.99711722E7,1.99480716E7,1.99424128E7,1.99305887E7,1.99689397E7,2.00258447E7
17,8508112.0,8556073.8,8519827.4,8526864.1,8544341.1,8512307.5,8428332.0,8460248.2,8412343.5,8551435.0,8382514.2,8597703.6,9313634.0,9367803.8,9493832.2,9275187.6,9356132.6,9338529.6,9376956.2,9443101.3,9399407.1,9365072.3,9375702.7,9623512.3,9661494.7,9375565.0,9474381.0,9404756.0,9487202.1,9416852.5,9499534.7,9530426.6,9379824.3,9465859.0,9453030.9,9496524.5,9597713.2,9577911.4,9615545.3,9796852.4,9671666.3,9726127.3,9645024.6,9770720.5,9684192.5,9688293.1,9663994.1,9711773.1,9677982.0,9724457.6,9660914.1,9953088.5,9679193.2,9690908.9,9774645.5,9786267.6,9724069.5,9740599.5,9749590.7,9903626.8,1.90314678E7,1.89103007E7,1.894456E7,1.89560117E7,1.88839093E7,1.90034816E7,1.91387043E7,1.9004219E7,1.9391372E7,1.89708235E7,1.89500813E7,1.90492059E7,1.90940893E7,1.90963553E7,1.91488479E7,1.90764915E7,1.92271725E7,1.91117245E7,1.94649077E7,1.94386895E7,1.94245555E7,1.93823856E7,1.94166556E7,1.94331544E7,1.95450439E7,1.95239414E7,1.94442385E7,1.96289548E7,1.9465803E7,1.94212719E7,1.96605467E7,1.96805376E7,1.95975426E7,1.96035503E7,1.96020896E7,1.95636313E7,1.97102081E7,1.99287393E7,1.98868867E7,1.96449491E7,1.9819847E7,1.97367465E7,1.98555084E7,1.9940902E7,1.98536281E7,1.97798365E7,1.98269092E7,1.97318739E7,2.00979605E7,1.9972023E7,1.99176493E7,1.99852699E7,1.99654594E7,1.98998069E7,1.998213E7,2.0115358E7,2.00526589E7,2.01187331E7,2.00473232E7,1.99179874E7
18,8583072.4,8584498.3,8589270.6,8576331.5,8569186.0,8736359.0,8455811.0,8397612.3,8424470.3,8438843.2,8452947.0,8439876.3,9381776.9,9380919.7,9443431.5,9443454.5,9537970.9,9431352.1,9712478.1,9405546.4,9402225.2,9443765.9,9427660.6,9383288.3,9577596.3,9435196.1,9495037.4,9624994.2,9406453.8,9637742.2,9549042.8,9467275.2,9525510.6,9509822.0,9494286.8,9551403.9,9689466.9,9977886.9,9556210.5,9735835.9,9755454.2,9667813.7,9676168.9,9829605.5,9764315.6,9792757.2,9652382.0,9718948.7,9716763.5,9807059.4,1.00128423E7,9776379.7,9806889.0,9891858.5,9715150.8,9678973.5,9699972.7,9931607.0,9859278.8,9827468.9,1.90004321E7,1.90112998E7,1.89977025E7,1.89454729E7,1.90260548E7,1.90135122E7,1.90586879E7,1.90093055E7,1.92777866E7,1.91081246E7,1.9123503E7,1.92202884E7,1.9105305E7,1.9180502E7,1.91887269E7,1.92305066E7,1.90754061E7,1.93437186E7,1.93817457E7,1.95142357E7,1.93909686E7,1.94112467E7,1.94105747E7,1.94269842E7,1.9482391E7,1.99809293E7,1.96528217E7,1.98011351E7,1.95170699E7,1.9612151E7,1.95856686E7,1.97266349E7,1.96113839E7,1.98841751E7,1.96786185E7,1.96272301E7,1.97348281E7,1.97853181E7,1.99053369E7,1.97945008E7,1.97323779E7,1.99273493E7,1.98506837E7,1.98634929E7,1.98532346E7,1.99938377E7,1.98784675E7,1.98871343E7,1.99778844E7,2.00360876E7,2.00245573E7,1.99279053E7,2.00513802E7,2.00225045E7,1.9979081E7,2.03986028E7,2.01891653E7,2.00935411E7,2.00429383E7,2.01476137E7
19,8669071.2,8619715.2,8767600.0,8574609.6,8549590.2,8676664.9,9597258.6,9416252.9,9354927.3,9338081.5,9415835.1,9484909.5,9348619.7,9430066.1,9647272.8,9340323.6,9601864.6,9409117.8,9399155.3,9501033.5,9419854.5,9405734.7,9514417.9,9458969.9,9702845.7,9502194.4,9481175.3,9605852.6,9487037.8,9550817.1,9614483.5,9626369.1,9513182.7,9496596.6,9542183.4,9599013.9,9759491.8,9748058.0,9804202.9,9668640.6,9741248.6,9658239.8,9915806.7,9814957.7,9792459.1,9804692.9,9793740.3,9910168.6,9805739.5,9802323.4,9777760.9,9728300.7,9822974.5,9817861.4,9758239.7,9865138.0,9898429.4,9796594.6,9798969.5,9900099.6,1.90384163E7,1.90331251E7,1.91355077E7,1.90787253E7,1.90927395E7,1.90554169E7,1.91804383E7,1.94826275E7,1.90402585E7,1.90148011E7,1.91051324E7,1.90854344E7,1.94199365E7,1.92539653E7,1.92020508E7,1.92884593E7,1.89753393E7,1.92245402E7,1.94908673E7,1.94889145E7,1.96136186E7,1.9494155E7,1.95755331E7,1.94342151E7,1.97478204E7,1.96107128E7,1.97211776E7,1.95523053E7,1.95794545E7,1.95723116E7,1.97369667E7,1.97017088E7,1.96534979E7,1.96349094E7,1.98136343E7,1.96668551E7,1.97912008E7,1.97391728E7,1.97496103E7,1.98578352E7,1.98173965E7,1.97402525E7,2.0069508E7,1.98908146E7,1.99476209E7,1.98982941E7,2.00837571E7,1.99240199E7,2.0043843E7,2.00075591E7,1.9969071E7,1.99600405E7,2.00824571E7,2.00175782E7,2.00751986E7,2.02000247E7,2.00499771E7,2.00447273E7,2.00737081E7,2.01439158E7
20,8448222.8,8640724.1,8681337.4,8594574.7,8650177.2,8755464.6,9477532.0,9480271.8,9451625.4,9500653.1,9370366.1,9451778.8,9532018.2,9433113.0,9550900.3,9443731.1,9519902.5,9577196.3,9418120.6,9558378.1,9510706.1,9391132.9,9485356.0,9788091.0,9523820.9,9486851.2,9546547.2,9684353.1,9534856.8,9580275.1,9546646.0,9534309.1,9778312.8,9679955.0,9598239.8,9532469.0,9759348.6,9980131.2,9653671.2,9707050.4,9758266.8,9649539.9,9703631.8,9893559.6,9748922.4,9748178.6,9748321.7,9847960.8,9885798.7,9897226.9,9907419.4,9757626.7,9811222.5,9877633.9,9903641.7,9775337.3,9796807.5,9793196.3,9838647.3,9832111.1,1.90892421E7,1.92211648E7,1.89789433E7,1.89813677E7,1.90735824E7,1.90748854E7,1.92185998E7,1.90624999E7,1.91223919E7,1.90934852E7,1.93369021E7,1.91028606E7,1.91873409E7,1.94106042E7,1.92391586E7,1.92369982E7,1.90686992E7,1.91943552E7,1.93476731E7,1.94656533E7,1.94024225E7,1.94594082E7,1.96151139E7,1.94578419E7,1.96320507E7,1.9585272E7,1.94429264E7,1.9599548E7,1.95251164E7,1.97050762E7,1.98536445E7,1.98381965E7,1.96942487E7,1.97219438E7,1.97602848E7,1.97358336E7,2.00409823E7,1.99156791E7,1.99069935E7,1.98764242E7,1.99704946E7,1.9959618E7,2.0201791E7,1.99982155E7,1.99888875E7,1.99695606E7,2.00957237E7,2.00441139E7,2.00428814E7,1.99813652E7,2.00685317E7,2.01250553E7,2.02956766E7,2.03070031E7,2.02230652E7,2.02272787E7,2.01538375E7,2.0081035E7,2.00878748E7,2.0192377E7
21,8549627.2,8802600.5,8540291.7,8795270.4,8778170.2,8562616.1,9563131.7,9478451.4,9388941.8,9544618.4,9379182.2,9518846.2,9444838.4,9413537.8,9453513.4,9489791.9,9348763.4,9532894.6,9576318.0,9479246.3,9698847.5,9559905.0,9564816.2,9407604.1,9597505.5,9530527.4,9694037.3,9595555.8,9561092.3,9555628.4,9887848.8,9559903.7,9631536.6,9502244.0,9746882.0,9518538.3,9747329.0,9882169.0,9696332.6,9772514.4,9725598.6,1.00163062E7,9848499.5,9959702.0,9694982.9,9873415.4,9861368.2,9760612.5,1.00709852E7,9935095.7,9810223.9,9913401.4,9836350.9,9830704.9,9866592.5,9873575.1,9938292.8,9785556.9,9888176.6,9897618.1,1.90814549E7,1.9130507E7,1.91388298E7,1.90608457E7,1.91438354E7,1.91652246E7,1.91828162E7,1.92075716E7,1.93094066E7,1.9153756E7,1.91703575E7,1.91756105E7,1.9218837E7,1.9698526E7,1.93308229E7,1.91734866E7,1.91619605E7,1.92429094E7,1.95718191E7,1.96587016E7,1.94303459E7,1.97228435E7,1.93825874E7,1.95005027E7,1.96279873E7,1.97118617E7,1.96200487E7,1.98432534E7,1.95805745E7,1.96954447E7,1.96945389E7,1.98668319E7,1.9722793E7,1.99145866E7,1.97885908E7,1.97538087E7,1.98329778E7,1.99125119E7,1.98691508E7,1.98499378E7,1.99522359E7,1.98890316E7,1.99415722E7,2.00778306E7,2.00079907E7,1.99371068E7,1.99869129E7,2.0227331E7,2.01036455E7,2.00081215E7,2.00711641E7,2.00051948E7,2.00409169E7,1.99900687E7,2.03104768E7,2.0104565E7,2.00711385E7,2.00609764E7,2.02004547E7,2.03432433E7
22,8693366.9,8686188.9,8651139.3,8625652.2,8751208.0,8636672.9,9658778.0,9634811.5,9601772.9,9410864.8,9491408.4,9462486.9,9463881.0,9574577.0,9584388.3,9742024.7,9571928.2,9382221.3,9704457.8,9464709.1,9737564.0,9505936.5,9619872.5,9392171.5,9609286.3,9577121.5,9666807.8,9503237.2,9669044.1,9878210.3,9572732.0,9643237.8,9610626.7,9531851.2,9842299.3,9773903.8,9702031.5,9784502.7,9992414.7,9801013.7,9668904.1,9797296.5,9821821.0,9912926.6,9800133.7,9902285.1,9811105.5,9735978.9,9875153.6,9937185.3,9934689.5,1.00773295E7,1.00730508E7,9941167.7,9989759.9,9826609.9,9963772.9,1.00046008E7,9856574.8,9880738.6,1.90864731E7,1.93287378E7,1.91508126E7,1.90885465E7,1.9187905E7,1.92099883E7,1.92590711E7,1.91591991E7,1.91569169E7,1.93134149E7,1.92256965E7,1.92264925E7,1.96383668E7,1.93256884E7,1.92206878E7,1.93451488E7,1.92390123E7,1.94281681E7,1.96650545E7,1.94161887E7,1.95911192E7,1.96113096E7,1.964831E7,1.97514736E7,1.97504739E7,1.98018228E7,1.97172488E7,1.96686602E7,1.97128015E7,1.96499711E7,1.98513695E7,1.99632486E7,1.97410395E7,1.9869847E7,1.97826497E7,1.97659311E7,1.99718215E7,1.98995226E7,2.00034081E7,1.99108145E7,1.98212504E7,2.00155801E7,2.01958174E7,2.01635255E7,1.99482683E7,1.99884853E7,1.9976662E7,2.00242802E7,2.02600842E7,2.00189356E7,2.01032591E7,2.01275046E7,2.03194781E7,2.03220352E7,2.03125685E7,2.01884921E7,2.02649186E7,2.01823266E7,2.03152835E7,2.01962405E7
23,8644957.8,8740903.5,8707300.9,8724606.2,8889432.1,8698162.2,9548946.1,9468630.2,9512693.4,9547463.1,9479992.0,9568403.2,9477335.1,9441061.3,9475125.5,9430752.9,9455701.0,9466191.3,9765848.6,9760899.9,9514662.7,9685508.1,9656749.7,9844431.2,9633417.1,9727464.9,9570224.1,9783372.2,9575775.0,9524000.4,9725782.3,9522125.9,9686142.4,9687341.6,9607264.7,9594273.8,9801867.7,9983746.2,9862221.8,9738304.9,9921649.2,9852455.1,9757491.4,9958919.0,9911972.6,9975972.9,1.00215416E7,9955750.4,9858462.4,9872365.0,9807511.5,1.00320759E7,9847094.2,9973814.0,9848105.9,9979830.1,9877302.4,9971498.1,9837374.0,9929827.7,1.91026693E7,1.92720014E7,1.91617689E7,1.91399682E7,1.91556071E7,1.91509727E7,1.93711064E7,1.92576299E7,1.94343683E7,1.92495037E7,1.94006106E7,1.92099258E7,1.9384063E7,1.92499448E7,1.92604212E7,1.9264642E7,1.93040302E7,1.92229861E7,1.97298367E7,1.9596417E7,2.0044672E7,1.96447815E7,1.95939587E7,1.95842899E7,1.97070583E7,1.97609323E7,1.97580511E7,1.97662146E7,1.96110788E7,2.00810546E7,1.97832516E7,1.97566226E7,1.97676108E7,1.99134137E7,1.98797951E7,1.9844595E7,2.003519E7,1.99246037E7,1.99524111E7,2.00408523E7,2.00480113E7,2.01576167E7,2.0062369E7,2.01929326E7,2.02422139E7,2.00515132E7,1.99761672E7,2.00206837E7,2.00933209E7,2.01158965E7,2.03147247E7,2.01712832E7,2.01860013E7,2.01579772E7,2.02487964E7,2.01563377E7,2.02892147E7,2.02755291E7,2.036778E7,2.02229455E7
24,8883564.2,8666361.8,8668707.3,8796286.1,8636246.4,8755673.0,9646967.8,9592586.5,9525123.4,9497199.6,9534862.8,9508606.5,9680911.3,9447931.8,9466518.1,9612714.4,9546691.9,9497670.1,9670870.5,9525826.3,9600743.4,9642199.8,9683939.1,9566199.5,9658630.4,9750376.3,9786449.2,9520082.5,9617701.3,9645877.6,9745608.7,9608625.6,9903516.3,9701105.8,9746695.3,1.00947917E7,9865605.6,9893555.8,9910727.4,9768776.3,9932280.6,9857183.9,9896354.9,9828789.2,1.00260629E7,9948485.8,9866292.4,1.0027536E7,9920306.0,9933017.4,1.0290683E7,1.00360684E7,9922887.5,9933895.0,1.0149324E7,9942791.6,1.00071804E7,1.00562308E7,9899094.5,9959721.9,1.91668543E7,1.91198837E7,1.92710924E7,1.9115109E7,1.92104446E7,1.90636694E7,1.93035124E7,1.92699045E7,1.92249279E7,1.91705652E7,1.9185121E7,1.90984858E7,1.94023071E7,1.94677645E7,1.93184286E7,1.95780573E7,1.9281697E7,1.92886937E7,1.95650904E7,1.94935476E7,1.96243322E7,1.97918765E7,1.95421463E7,1.97706022E7,1.99510984E7,1.99798052E7,1.96687988E7,1.97298924E7,1.95830932E7,2.0008386E7,1.98604387E7,1.98245972E7,1.9756671E7,1.9862917E7,1.99909957E7,1.97488817E7,2.02412479E7,1.9923234E7,1.99639306E7,1.98874478E7,2.00427333E7,2.01393167E7,2.00495799E7,2.02677397E7,2.02520898E7,2.01268421E7,2.03832393E7,2.01092806E7,2.04185226E7,2.036087E7,2.0351541E7,2.02308947E7,2.00679412E7,2.01895465E7,2.01485031E7,2.02696376E7,2.02705384E7,2.04801951E7,2.01666489E7,2.05436703E7
25,8700543.0,8746289.9,9305843.3,8682987.6,8710096.1,8815134.8,9530016.8,9519591.6,9546477.2,9435624.1,9547192.1,9822667.2,9522740.8,9735715.9,9505011.9,9574494.0,9721482.8,9585501.9,9562104.7,9648745.6,9632162.6,9548627.6,9612424.1,9575195.8,9855712.1,9649668.9,9621978.2,9671166.0,9638141.2,9600239.4,9647246.0,9742440.8,9696974.5,9621138.4,9783695.5,9748046.3,9927620.6,1.00446727E7,9982019.9,1.00367955E7,9947435.9,9821864.8,9979377.3,9958272.5,9951262.7,9952679.5,1.00371423E7,9839634.2,1.01717747E7,9908756.3,9874707.6,9977833.1,1.00665807E7,9995133.5,1.00440986E7,9940612.5,9962537.6,9836796.9,9885091.0,1.00653409E7,1.92522903E7,1.92375566E7,1.92277465E7,1.90524489E7,1.91815616E7,1.92890231E7,1.93464416E7,1.9318632E7,1.93270498E7,1.93846257E7,1.95248079E7,1.93317366E7,1.93638212E7,1.93737048E7,1.93864857E7,1.92675021E7,1.93508957E7,1.96758316E7,1.9615422E7,1.95120228E7,1.9797089E7,1.96406736E7,2.00324262E7,1.96387192E7,2.0084606E7,1.99471218E7,1.9790387E7,1.97565246E7,1.99152765E7,1.98036894E7,1.98910091E7,1.99236296E7,2.00971954E7,1.99463853E7,1.99442715E7,1.98992955E7,1.99166855E7,2.02486723E7,1.98707865E7,2.002602E7,2.01540767E7,1.99734243E7,2.01207801E7,2.02190208E7,2.03292754E7,2.02501685E7,2.025747E7,2.04507107E7,2.02356539E7,2.02273226E7,2.03034756E7,2.02813174E7,2.01932236E7,2.01386011E7,2.02187233E7,2.04745951E7,2.03415586E7,2.02814227E7,2.02758917E7,2.02616281E7
26,8853113.4,8684451.4,8629085.7,8722282.0,8748175.8,8799326.6,9466719.9,9524900.6,9563916.7,9497464.8,9509555.2,9562111.8,9748670.3,9563781.0,9539771.7,9645144.6,9620469.8,9636752.4,9604161.6,9735812.9,9693818.6,9654526.6,9668053.7,9917839.1,9799791.6,9640812.7,9923766.3,9887567.3,9713110.7,9531600.3,9892740.4,9884882.9,9699071.7,9765900.3,9672537.6,9768218.1,9801353.4,1.00061748E7,9829897.4,9793497.7,9891944.0,1.0068646E7,9930203.5,9902101.3,9948698.1,9923500.0,1.00682161E7,9880351.2,9956020.3,1.01137106E7,9862877.9,9936570.7,1.00323265E7,1.00115032E7,1.01349189E7,9977457.0,1.00584217E7,9870899.8,9934696.5,1.01256577E7,1.92029401E7,1.92450414E7,1.92449447E7,1.92997269E7,1.95239849E7,1.92261531E7,1.96314048E7,1.93336515E7,1.93234702E7,1.94161971E7,1.92795355E7,1.92281042E7,1.95446537E7,1.95817212E7,1.94109432E7,1.94236467E7,1.94868088E7,1.95113764E7,1.96451568E7,1.96346036E7,1.97076526E7,1.97574328E7,1.9752871E7,1.96781723E7,1.98231683E7,1.96693434E7,1.9698999E7,1.9825888E7,1.97779384E7,1.98001604E7,1.98409519E7,1.99508634E7,1.99093168E7,1.9930243E7,1.98056539E7,2.00097627E7,2.00977919E7,2.00671879E7,2.0116666E7,2.00761193E7,2.00165726E7,2.00854414E7,2.02728504E7,2.02733336E7,2.01205687E7,2.02369938E7,2.0219802E7,2.0144223E7,2.01473234E7,2.03745005E7,2.01886164E7,2.02824937E7,2.08916227E7,2.01924925E7,2.05575243E7,2.04019096E7,2.04688458E7,2.03228768E7,2.02324267E7,2.05352441E7
27,8644637.9,9036490.2,8717344.1,8983132.7,8876759.6,8864055.0,9667438.1,9780773.7,9552223.9,9690596.8,9545236.0,9663009.3,9680983.8,9621931.3,9478659.8,9573212.9,9992493.5,9652703.6,9797743.5,9801606.9,9754149.4,9693352.7,9656064.2,9525367.8,9696449.3,9768172.0,9612654.2,9764439.1,9594967.9,9764599.5,9727751.6,9762190.9,9828616.5,9899602.6,9676370.4,9769317.1,9965754.5,1.00354554E7,9932166.9,9997617.8,9951208.5,1.01235557E7,1.00367075E7,9852455.7,1.00661588E7,1.01717186E7,9960343.4,9875877.5,9969481.9,1.01197622E7,9962497.3,9955677.5,1.02710264E7,1.02969981E7,1.00567782E7,1.01447513E7,9979481.3,1.02003787E7,1.01023699E7,1.00705046E7,1.91985037E7,1.9306849E7,1.93463762E7,1.90215421E7,1.93725446E7,1.91617004E7,1.94359058E7,1.95239892E7,1.94049811E7,1.93484018E7,1.9421314E7,1.92167556E7,1.93821367E7,1.93392771E7,1.93222716E7,1.94377078E7,1.94219612E7,1.94528344E7,1.97451739E7,1.97247086E7,1.97306328E7,1.96760908E7,2.00009974E7,1.96970076E7,1.98262292E7,1.97726944E7,1.97400395E7,1.98506696E7,1.9948107E7,2.00724435E7,1.98384826E7,2.00190604E7,2.0063049E7,1.99172766E7,1.99525957E7,1.99134662E7,2.03121288E7,1.99656595E7,2.00553752E7,1.99306527E7,2.00383654E7,2.02155153E7,2.02419973E7,2.01794379E7,2.01512805E7,2.01720962E7,2.02275956E7,2.01257658E7,2.05580807E7,2.04009091E7,2.02377297E7,2.02156108E7,2.05871467E7,2.0276673E7,2.05729842E7,2.02982658E7,2.03458687E7,2.02427396E7,2.03487953E7,2.04517443E7
28,9788527.3,9861247.4,9914995.4,9671006.9,9748177.7,9746757.1,9695199.8,9632258.9,9597986.2,9477565.5,9798555.2,9574128.6,9807045.7,9627656.2,9591915.1,9691826.3,9823762.1,9606258.0,9758306.7,9742693.8,9937915.3,9730601.6,9989222.7,9745892.3,9797633.0,9692353.0,9702182.1,9800948.1,9658833.9,9741461.6,9734045.1,9841154.2,9835914.5,9830156.6,9821777.1,9822482.6,1.00724781E7,9966720.1,1.04089711E7,9939854.2,1.00628632E7,1.01948291E7,1.00323816E7,9999124.7,1.01301517E7,1.00378909E7,9945515.4,9990225.2,1.0149396E7,1.00031281E7,1.0010143E7,9963162.9,9970810.6,1.00257503E7,9980107.1,1.01545901E7,1.00775398E7,9978170.3,1.02004322E7,1.0162065E7,1.93194016E7,1.92506548E7,1.92051668E7,1.9104118E7,1.92852675E7,1.95246362E7,1.93796698E7,1.93178626E7,1.9207948E7,1.95343958E7,1.92395459E7,1.94520672E7,1.94040298E7,1.95145798E7,1.95322391E7,1.95265197E7,1.95872357E7,1.95725637E7,1.97641553E7,1.98861323E7,2.03085614E7,1.98797751E7,1.9656783E7,1.97152222E7,1.97883418E7,1.99210584E7,1.98152352E7,1.98125774E7,1.99540244E7,1.98883348E7,2.02884655E7,2.00714104E7,2.02705336E7,2.00943214E7,1.99817082E7,1.986921E7,1.9966241E7,2.01080702E7,2.04423672E7,2.01065891E7,2.02392235E7,2.01822728E7,2.01829513E7,2.02911494E7,2.03461907E7,2.03641787E7,2.0228835E7,2.06333322E7,2.03426637E7,2.02570175E7,2.02829135E7,2.02809424E7,2.03560655E7,2.04450009E7,2.04114641E7,2.06239543E7,2.05979715E7,2.06416083E7,2.02837904E7,2.07009425E7
29,9866246.3,9789112.8,9551955.9,9930352.4,9720250.3,9546242.5,9834349.9,9847040.5,9749835.8,9611693.2,9753889.9,9872974.8,9705623.9,9678577.0,9595374.6,9578420.0,1.01240977E7,9714571.6,9736169.5,9714597.6,9700810.1,9759716.2,9531322.0,9915180.7,9596685.1,9774326.3,9853217.2,9741962.6,9962824.5,9949371.6,9750133.5,9827759.2,9768400.6,1.00169272E7,9877225.8,9968157.1,9878428.9,9876692.1,9996839.5,1.02849484E7,1.0078069E7,9889081.7,1.00211406E7,1.00666548E7,1.00564118E7,1.02865792E7,1.00596303E7,9901162.2,1.00628423E7,1.00725102E7,1.02944853E7,1.01863614E7,1.01688915E7,1.03295212E7,1.00272004E7,1.01081211E7,1.00974465E7,1.00775634E7,1.00599916E7,9958935.7,1.93229075E7,1.96545487E7,1.9323324E7,1.9196684E7,1.93157746E7,1.94251771E7,1.95547425E7,1.93788083E7,1.94582139E7,1.93049594E7,1.95156595E7,1.95499708E7,1.95468319E7,1.94047712E7,1.98826272E7,1.94701003E7,1.94748874E7,1.95698588E7,1.99674794E7,2.00074544E7,1.98017056E7,1.96441133E7,1.99473317E7,1.97718148E7,1.98854823E7,1.99003474E7,1.99831353E7,1.98485336E7,2.00347394E7,2.01340166E7,2.00210276E7,1.99846648E7,1.99055265E7,1.99684573E7,2.01980134E7,1.99214327E7,2.01029778E7,2.02217926E7,2.02298932E7,2.03008264E7,2.03492548E7,2.01991271E7,2.03043911E7,2.03048003E7,2.02544756E7,2.02657407E7,2.01804054E7,2.03427873E7,2.06406496E7,2.0345411E7,2.03160681E7,2.05343451E7,2.03028928E7,2.06994445E7,2.0421212E7,2.03835468E7,2.04976542E7,2.09096603E7,2.05869295E7,2.05044766E7
30,9651551.2,9690711.5,9920470.6,9940128.2,9744819.7,9759187.0,9676531.2,9843008.9,9704213.1,9683169.2,9743682.5,9765534.7,9734475.9,9615794.0,9738423.6,9683778.4,9621561.2,9786249.0,9717862.3,9917562.3,9670017.7,9803848.9,9802246.9,9844078.1,9897620.9,9792798.9,9737798.1,9770670.4,9911585.9,1.00536341E7,9951935.1,9838221.0,1.01004162E7,9992269.9,9875665.5,9875160.2,9967483.7,1.00805938E7,1.01143795E7,9905638.7,9955028.8,9845265.6,1.01012066E7,1.03277835E7,9961026.8,9994555.7,1.01581133E7,9965663.4,1.00473377E7,1.011567E7,1.00154838E7,1.01050105E7,1.0005549E7,1.02014455E7,1.02012003E7,1.00156808E7,1.03564678E7,1.05673087E7,1.03362367E7,1.0537338E7,1.93297228E7,1.93400018E7,1.92881256E7,1.9639685E7,1.9425673E7,1.98856785E7,1.94564849E7,1.95129403E7,1.94332247E7,1.94123228E7,1.94157011E7,1.94805564E7,1.9550752E7,1.95708987E7,1.94528676E7,1.95182992E7,1.96987173E7,1.97071292E7,1.98281396E7,1.9726279E7,1.97795063E7,1.99334983E7,1.99039029E7,2.02350656E7,1.99681988E7,1.98045976E7,1.99462589E7,2.00079004E7,1.99686235E7,1.98750069E7,2.03639541E7,2.00539965E7,2.0140647E7,2.00616705E7,2.00441557E7,2.02512103E7,2.01451639E7,2.03210577E7,2.01875007E7,2.02507656E7,2.02295071E7,2.01074502E7,2.0432767E7,2.03287845E7,2.02597416E7,2.03989182E7,2.04556852E7,2.02096992E7,2.04063576E7,2.0453789E7,2.03512298E7,2.06554381E7,2.06643091E7,2.05274717E7,2.09885169E7,2.03278385E7,2.03925706E7,2.03662488E7,2.04584395E7,2.05571193E7
31,9595350.8,1.00783134E7,9913973.2,9859405.0,9797929.8,9748019.1,9643332.7,9725980.1,9863649.6,9649478.6,9559040.9,9689721.3,9730952.5,1.01119834E7,9789345.0,9617853.2,9709491.7,9702399.2,9712090.7,9632369.6,9840696.0,9768862.6,9856346.2,9830283.8,9702076.0,1.000513E7,9771397.1,9988799.8,9831415.2,9912588.3,1.0220685E7,9923160.2,9868691.7,9810067.6,9886396.7,1.01960907E7,9949080.6,1.02838709E7,1.00449229E7,1.0099883E7,1.01274308E7,1.03413367E7,1.00885221E7,1.01557028E7,1.0099562E7,1.00647449E7,1.00832843E7,9977909.6,1.01123597E7,1.03354659E7,1.03659018E7,1.03674257E7,1.02697982E7,1.02115346E7,1.04270796E7,1.00892841E7,1.02315389E7,1.0229106E7,1.01551402E7,1.02516982E7,1.92103207E7,1.94764282E7,1.95361338E7,1.93293911E7,1.94197107E7,1.94365566E7,1.93671222E7,1.95668731E7,1.94234488E7,1.94368152E7,1.9816013E7,1.95457782E7,1.95587426E7,1.9922975E7,1.97897064E7,1.95925962E7,1.95025938E7,1.96059519E7,1.99008083E7,1.97636096E7,1.99501258E7,1.98590382E7,1.98128555E7,1.9720458E7,2.00360832E7,1.98500187E7,2.02021753E7,2.01285535E7,1.9922968E7,1.98652708E7,2.07052745E7,2.03185873E7,2.02220505E7,2.00382592E7,2.02343178E7,2.01920724E7,2.03444643E7,2.0097572E7,2.02503754E7,2.01254683E7,2.02922658E7,2.03330234E7,2.02746961E7,2.02481218E7,2.03423034E7,2.06057661E7,2.02992969E7,2.03186542E7,2.04978652E7,2.04971371E7,2.05206469E7,2.00890331E7,2.04388921E7,2.04549178E7,2.05825398E7,2.04899325E7,2.04892074E7,2.07102004E7,2.07401226E7,2.05545727E7
32,9695489.9,9673051.3,9834235.4,1.02241168E7,9776799.4,9906685.5,9748737.3,9719627.9,9698140.0,9683778.6,1.01105626E7,9819065.2,9774581.0,9858592.7,9836056.1,9837969.0,9590036.1,9680264.0,9908078.6,9726171.1,9961430.9,9894378.8,9849239.6,9803597.7,9861221.0,9776991.2,9875232.8,9857046.6,9998346.8,9748551.8,1.02515019E7,1.00157652E7,1.00558952E7,9844655.1,1.04437945E7,1.04036989E7,1.02463185E7,9948295.4,1.00436528E7,1.03281154E7,1.00270829E7,1.00182584E7,1.02716762E7,1.02339688E7,1.01409682E7,1.02617696E7,1.01115875E7,1.00677787E7,1.02681798E7,1.1151395E7,1.01651322E7,1.03532128E7,1.02200251E7,1.00378357E7,1.01974572E7,1.02987927E7,1.01427266E7,1.03922493E7,1.01339987E7,1.01612164E7,1.94251347E7,1.9175129E7,1.93984964E7,1.95412241E7,1.94331792E7,1.93975432E7,1.93902851E7,1.94428881E7,1.95465349E7,1.95982029E7,1.948339E7,1.949316E7,1.97562909E7,1.95342327E7,1.99599143E7,1.96803181E7,1.95445528E7,1.99640467E7,1.98926244E7,1.99241829E7,2.02206334E7,1.99796005E7,1.97845766E7,1.99920424E7,1.99473633E7,1.98882475E7,2.02703718E7,2.00818518E7,2.05322415E7,1.98727977E7,2.00947489E7,2.00204055E7,2.00950884E7,2.00932369E7,2.02230889E7,2.02838598E7,2.02738358E7,2.03713168E7,2.05368681E7,2.00644841E7,2.01749034E7,2.02636872E7,2.04751741E7,2.0494655E7,2.04115212E7,2.05708771E7,2.05302783E7,2.04056118E7,2.05878931E7,2.05947689E7,2.0543339E7,2.02328192E7,2.03875585E7,2.08967643E7,2.05246447E7,2.05065723E7,2.07541379E7,2.063529E7,2.0704141E7,2.04299129E7
33,9988939.0,9892390.4,9872208.5,9722105.7,9796706.9,9694510.4,9756626.8,1.0038329E7,9748737.2,9822539.8,9926464.8,9800439.7,9613359.0,9736729.8,9728559.0,1.01940137E7,9703857.6,9726899.6,9816032.4,1.0072262E7,9902390.8,1.00092508E7,9906516.8,1.00374554E7,9776063.3,9943329.0,1.00026911E7,1.00762624E7,9933662.0,1.00399075E7,1.00384777E7,1.00157642E7,1.01343601E7,1.00495991E7,9785332.5,9814288.8,1.01160168E7,1.00358741E7,1.05365865E7,1.00329747E7,1.00584179E7,1.04111663E7,1.01300278E7,1.01693007E7,1.01571929E7,1.02198111E7,1.00525281E7,1.01586322E7,1.03968168E7,1.02277818E7,1.02819478E7,1.067069E7,1.0132463E7,1.00988247E7,1.0344962E7,1.0235341E7,1.05117461E7,1.07888901E7,1.0300257E7,1.07152069E7,1.95906748E7,1.94095854E7,1.96146967E7,1.93900254E7,1.9634508E7,1.94743399E7,1.94552439E7,1.9529866E7,1.97881277E7,1.96723299E7,1.97730261E7,1.95574966E7,1.97592698E7,1.94636747E7,1.98084472E7,1.97688155E7,1.96395285E7,1.95100908E7,1.97556202E7,1.97412109E7,1.98344887E7,2.00917037E7,1.97636534E7,1.99278307E7,1.99404724E7,2.01967197E7,2.01001241E7,1.98918022E7,1.99419472E7,2.00349692E7,2.00937828E7,2.048092E7,2.02907608E7,2.04822047E7,2.01949529E7,2.02190672E7,2.03215777E7,2.0275155E7,2.02617533E7,2.04836343E7,2.05070957E7,2.06222832E7,2.04515863E7,2.03844061E7,2.04588867E7,2.04548423E7,2.04786459E7,2.0318175E7,2.05701029E7,2.05372889E7,2.06981191E7,2.0559665E7,2.04771152E7,2.05973405E7,2.05057987E7,2.08902429E7,2.05445064E7,2.0606749E7,2.06753609E7,2.07373151E7
34,9717431.1,9718861.1,9879511.7,9698791.7,9729570.4,1.01168836E7,9923856.1,9998719.4,9858175.7,9796998.7,9894669.6,9745172.7,1.00825003E7,9794074.9,9817431.9,9846427.1,9887231.1,9836205.9,1.01412752E7,9906855.9,9718167.0,9851116.9,9884398.9,9901248.3,9887919.5,9987223.9,9913901.4,9838637.8,9987477.0,1.01391541E7,9990520.3,1.01056791E7,9834955.8,1.01282019E7,1.00107436E7,1.00166314E7,1.00482329E7,1.01559507E7,9979821.1,1.01101054E7,1.03538233E7,1.02159808E7,1.02228637E7,1.03909472E7,1.03710737E7,1.07576496E7,1.04356664E7,1.04406121E7,1.02925253E7,1.02809168E7,1.03438375E7,1.01002141E7,1.02574931E7,1.01708374E7,1.02531033E7,1.05159576E7,1.03412128E7,1.02436454E7,1.01317373E7,1.02885245E7,1.93561313E7,1.97393714E7,1.94974474E7,1.93414555E7,1.94981306E7,1.97895472E7,1.97097787E7,1.95125053E7,1.95514121E7,1.94404049E7,1.95009538E7,1.95898771E7,1.98772115E7,1.98034844E7,1.96357235E7,1.99812577E7,1.99315571E7,1.95202415E7,1.98882696E7,1.99143012E7,1.98991327E7,1.98021341E7,2.01757653E7,2.0020152E7,2.00305151E7,2.01268003E7,1.99832609E7,2.01954552E7,1.99708508E7,2.01924702E7,2.01862996E7,2.07099051E7,2.02786214E7,2.04820081E7,2.00652974E7,2.02193798E7,2.08325801E7,2.02822163E7,2.07714593E7,2.04791832E7,2.02910265E7,2.02631624E7,2.14192895E7,2.14408658E7,2.15390934E7,2.15832411E7,2.11647921E7,2.15903277E7,2.06084492E7,2.06750455E7,2.07774416E7,2.06724715E7,2.07094461E7,2.06358007E7,2.05513859E7,2.09750674E7,2.07336087E7,2.07392253E7,2.07425772E7,2.06324562E7
35,9804947.4,9713658.6,9840282.7,9675799.5,9949050.9,9910756.2,9863597.9,9804893.1,9802500.7,9726652.8,9743280.3,9723672.4,9977824.4,9730147.8,9910504.0,9917378.2,9837787.0,1.00787467E7,1.02417628E7,9808862.4,9871390.6,9909542.9,1.00066915E7,9916958.1,9892161.5,9977834.2,1.00289099E7,9877180.6,1.01636505E7,9890354.8,9863332.7,1.00886234E7,9994156.9,1.01952575E7,1.00497843E7,1.00644625E7,1.02865462E7,1.03467419E7,1.01636219E7,1.00933705E7,1.0187987E7,1.02526148E7,1.0175695E7,1.03378824E7,1.0162514E7,1.03204089E7,1.06382565E7,1.02682406E7,1.04316989E7,1.02831163E7,1.03793517E7,1.02882046E7,1.01681741E7,9166426.1,1.03099916E7,1.05805061E7,1.03291579E7,1.0411542E7,1.01768964E7,1.07727383E7,1.93416456E7,1.93496701E7,1.9482643E7,1.93738363E7,1.95945121E7,1.94518299E7,1.94473578E7,1.97976628E7,1.95422534E7,1.95547285E7,1.97992862E7,1.9483631E7,1.97909241E7,1.962453E7,1.96086144E7,1.96444808E7,1.96808364E7,1.96490746E7,1.99954544E7,2.02335956E7,2.00074415E7,2.00954285E7,2.04595272E7,1.99050181E7,1.99812379E7,2.00067651E7,2.02510833E7,2.01366142E7,2.03691589E7,2.02607062E7,2.06895554E7,2.0411441E7,2.02426777E7,2.01371865E7,2.00754286E7,2.01721411E7,2.06556336E7,2.0266988E7,2.03803429E7,2.00148367E7,2.029431E7,2.04340726E7,2.14706899E7,2.16762833E7,2.14893241E7,2.15200429E7,2.15496183E7,2.13644847E7,2.07282201E7,2.08871337E7,2.05529943E7,2.05657708E7,2.07247436E7,2.08424922E7,2.07765377E7,2.06466138E7,2.09854832E7,2.08820049E7,2.06877327E7,2.07051307E7
36,9885029.4,9813510.1,9872979.3,9903870.5,1.01272758E7,9766911.9,9843906.1,1.00392423E7,9995229.7,1.01200507E7,1.02785225E7,1.01904451E7,1.04118134E7,9776915.6,9868799.7,9818061.8,1.03034624E7,9873158.1,9976111.3,9795098.0,9942296.0,1.00418939E7,9973057.2,9759864.0,9824274.7,9815735.4,9946789.6,9870236.1,9812649.6,9975397.5,9973386.0,1.01200952E7,9892171.6,1.01345336E7,1.00409852E7,1.03370915E7,1.02506183E7,1.01580586E7,1.03407454E7,1.00296348E7,1.03934162E7,1.0225322E7,1.00666617E7,1.01772625E7,1.03082518E7,1.0199315E7,1.02273772E7,1.04161309E7,1.04828783E7,1.02790601E7,1.02013948E7,1.01068253E7,1.04985562E7,1.04274354E7,1.03954275E7,1.04332727E7,1.02901548E7,1.028477E7,1.02874916E7,1.05288362E7,1.9505783E7,1.97622623E7,1.9446559E7,1.94807792E7,1.9563299E7,1.95137136E7,2.0463089E7,1.96473558E7,1.96027462E7,1.9587495E7,1.95409713E7,1.94643311E7,1.98537172E7,1.97710073E7,1.95971774E7,2.01521841E7,1.98897546E7,1.96350874E7,1.99782232E7,1.99438463E7,1.99577929E7,2.0012241E7,2.00581266E7,2.02159236E7,2.01136604E7,2.004261E7,2.00308336E7,2.01612487E7,2.01683556E7,2.00000189E7,2.02877959E7,2.02195371E7,2.01968512E7,2.02369841E7,2.0517778E7,2.01792074E7,2.03437712E7,2.034309E7,2.04751245E7,2.03239595E7,2.05050615E7,2.03513967E7,2.16447944E7,2.16731524E7,2.15055011E7,2.15612135E7,2.16358288E7,2.14048098E7,2.08403089E7,2.08050179E7,2.06866648E7,2.08389483E7,2.06157475E7,2.11270757E7,2.08423919E7,2.08905918E7,2.09422256E7,2.07659982E7,2.07010809E7,2.1141844E7
37,1.01111769E7,9983252.2,1.01196759E7,9708551.0,1.00904674E7,9897977.6,9757836.6,9832201.0,1.02442834E7,1.01768596E7,1.01496043E7,1.00049462E7,9857232.9,9801861.9,9942141.7,1.0737525E7,9932619.3,1.01726932E7,9839355.2,1.01263528E7,9862384.6,9961941.5,1.00317132E7,9894581.1,1.03230311E7,1.09885977E7,9852505.9,1.01837878E7,1.00956357E7,9823011.9,9901598.1,1.00238332E7,9886969.3,1.00093054E7,1.02164585E7,1.01058373E7,1.04308507E7,1.03947112E7,1.01409971E7,1.03100146E7,1.0656133E7,1.0072877E7,1.0339981E7,1.02209147E7,1.03513356E7,1.04701533E7,1.02323537E7,1.05942527E7,1.05162565E7,1.05980589E7,1.02587697E7,1.04755885E7,1.03386291E7,1.03965851E7,1.04908343E7,1.06455242E7,1.04420682E7,1.02490491E7,1.01911996E7,1.04133943E7,1.95665313E7,1.94956488E7,1.9531359E7,1.95123947E7,2.0089199E7,1.95122141E7,1.9912671E7,1.95924987E7,1.9670526E7,2.00649622E7,1.98768973E7,1.99572229E7,1.97357E7,1.96872923E7,1.9673355E7,1.99122057E7,1.96232402E7,1.96654816E7,1.99486141E7,1.99814654E7,1.99561982E7,2.01031993E7,2.00340457E7,2.00713633E7,2.03289926E7,2.02710135E7,2.01321335E7,2.00558247E7,2.01907648E7,2.03101045E7,2.01805583E7,2.03505707E7,2.03889053E7,2.02590803E7,2.04462225E7,2.01042096E7,2.04392907E7,2.04229597E7,2.04110351E7,2.03859682E7,2.06197674E7,2.0533673E7,2.15903537E7,2.15832008E7,2.17323295E7,2.14159199E7,2.13662423E7,2.15966297E7,2.08253298E7,2.06389974E7,2.07727871E7,2.0717335E7,2.06892156E7,2.07638091E7,2.1231323E7,2.10950181E7,2.08480988E7,2.1118829E7,2.08101259E7,2.07781148E7
38,9854418.9,9859890.5,1.0191402E7,1.0165727E7,1.00913922E7,9922181.9,9918000.8,1.0022958E7,9894224.3,9920961.5,9748552.4,9770012.2,9924649.1,9967703.0,9797162.8,9772171.1,9915077.6,1.01730379E7,1.00573298E7,9889019.2,1.01471995E7,9955968.0,1.02082133E7,9961988.9,9905569.0,1.06761189E7,1.01016847E7,9979853.4,1.00775078E7,1.00327968E7,1.03022454E7,1.00674724E7,9983918.3,9954308.9,1.01397964E7,9976325.2,1.01470393E7,1.01491972E7,1.04242674E7,1.04344456E7,1.02128551E7,1.02482952E7,1.03064254E7,1.01954022E7,1.05377302E7,1.05282023E7,1.01382447E7,1.02761408E7,1.04177899E7,1.03799573E7,1.05299307E7,1.03669209E7,1.04123168E7,1.01160056E7,1.0366881E7,1.03253516E7,1.07479025E7,1.03958447E7,1.06217406E7,1.0431688E7,1.95268725E7,1.94969282E7,1.96162923E7,1.96255103E7,1.98529453E7,1.97215835E7,1.97102873E7,1.96585506E7,1.96755195E7,1.96572826E7,1.96611462E7,1.96448798E7,1.97250446E7,2.01224952E7,1.96593377E7,1.97369389E7,1.98686326E7,1.99455201E7,1.99206229E7,2.05663656E7,2.02685654E7,2.01565534E7,2.0134923E7,2.01576478E7,2.03132506E7,2.03978149E7,2.0376729E7,2.02193772E7,2.02269877E7,2.0053374E7,2.05940295E7,2.03746902E7,2.03970026E7,2.0503773E7,2.04394867E7,2.03424704E7,2.04794802E7,2.04256341E7,2.05067749E7,2.04527602E7,2.05020808E7,2.04980213E7,2.17020347E7,2.15269119E7,2.16507798E7,2.18039677E7,2.207177E7,2.19961823E7,2.09226067E7,2.06164278E7,2.07615499E7,2.09833435E7,2.10863703E7,2.0746974E7,2.09001435E7,2.10111684E7,2.11503396E7,2.10510446E7,2.11372442E7,2.08429555E7
39,9986443.3,1.04758612E7,1.02304931E7,1.01632121E7,1.03355609E7,9996780.8,1.00824752E7,9908091.3,1.04186056E7,1.00328558E7,9908157.1,9972641.7,1.0115228E7,9806547.1,9997806.0,1.01026562E7,1.03638526E7,9718199.3,9890983.3,9840115.0,1.01127336E7,9953584.5,1.00051025E7,1.03411972E7,1.03473827E7,9980812.7,1.0124153E7,1.02688722E7,9896320.9,1.00680958E7,1.02309977E7,1.00790081E7,1.01011342E7,1.00196098E7,1.01428639E7,1.03294731E7,1.04795817E7,1.02482629E7,1.0239711E7,1.03480783E7,1.01980922E7,1.03232425E7,1.02330784E7,1.03492632E7,1.04000022E7,1.03267997E7,1.06290132E7,1.03831517E7,1.02153916E7,1.03604404E7,1.03090532E7,1.04258308E7,1.04221118E7,9410239.1,1.04195448E7,1.03988953E7,1.04850232E7,1.06075483E7,1.03528492E7,1.06210574E7,1.96396639E7,1.95903906E7,1.98014774E7,1.95685559E7,1.97199395E7,1.97075194E7,1.95676188E7,1.95288931E7,1.97495403E7,2.01877845E7,1.99174219E7,1.97819932E7,1.9779202E7,2.0330914E7,1.99988171E7,1.97872293E7,1.97634211E7,2.01640709E7,1.99515513E7,1.99824928E7,2.01931962E7,2.07286203E7,1.98962026E7,2.01030612E7,2.04279748E7,2.0219448E7,2.0209597E7,2.01928664E7,2.01773609E7,2.01726317E7,2.04849074E7,2.03251889E7,2.07053847E7,2.06412832E7,2.05303848E7,2.03216288E7,2.08623893E7,2.09822823E7,2.06282102E7,2.03806015E7,2.0541861E7,2.05939358E7,2.14408394E7,2.17074185E7,2.2027734E7,2.17432875E7,2.15910976E7,2.12475613E7,2.11462166E7,2.11355597E7,2.07727645E7,2.09161802E7,2.08602194E7,2.08883873E7,2.07998754E7,2.11335348E7,2.08463708E7,2.07364202E7,2.08376917E7,2.09638659E7
40,9971575.6,9907887.0,1.01324858E7,9894439.9,9981164.4,1.00099876E7,9822221.0,9854631.2,1.00432981E7,9789835.8,1.01611439E7,1.00349482E7,9858545.3,9889057.6,1.02345106E7,1.00082609E7,9855759.7,9893613.9,1.02533188E7,1.00581173E7,1.0128579E7,1.04131821E7,1.00042282E7,9984906.5,1.01221023E7,9956104.2,1.02712403E7,1.04992533E7,9966361.0,1.01942571E7,1.02852036E7,1.01648505E7,1.03762724E7,1.02142776E7,1.01628486E7,1.00767291E7,1.0378223E7,1.05666997E7,1.03299842E7,1.02337647E7,1.02718801E7,1.02581638E7,1.06293826E7,1.03980166E7,1.0410209E7,1.06758626E7,1.0384702E7,1.01630612E7,1.0477507E7,1.04169046E7,1.0692359E7,1.04805441E7,1.07747338E7,9466295.6,1.0337608E7,1.0392831E7,1.03590887E7,1.06277848E7,1.09227198E7,1.05187004E7,1.95466981E7,1.9808811E7,1.9713137E7,1.95115144E7,1.95246662E7,1.96994919E7,1.96732555E7,2.00135563E7,1.98919294E7,1.97766377E7,1.97100149E7,1.97647535E7,1.96628758E7,1.99763858E7,1.97852855E7,1.97671467E7,2.00667429E7,1.98601715E7,2.03511353E7,1.99549984E7,1.99822283E7,2.01681669E7,2.00288442E7,2.01558261E7,2.02168184E7,2.00877163E7,2.0754753E7,2.02636296E7,2.04092755E7,2.04512448E7,2.05410986E7,2.02032769E7,2.04987287E7,2.08910472E7,2.06294548E7,2.04645266E7,2.07884798E7,2.04896288E7,2.09801706E7,2.0516021E7,2.06011745E7,2.06865462E7,2.15172299E7,2.14147284E7,2.00312231E7,2.17319408E7,2.16423232E7,2.16787708E7,2.08010279E7,2.09406667E7,2.07530121E7,2.0800973E7,2.08482464E7,2.09091219E7,2.08988078E7,2.09512621E7,2.12090753E7,2.08529852E7,2.08697647E7,2.11527104E7
