id,feature0,feature1,feature2,feature3,feature4,feature5,feature6,feature7,feature8,feature9,feature10,feature11,feature12,feature13,feature14,feature15,feature16,feature17,feature18,feature19,feature20,feature21,feature22,feature23,feature24,feature25,feature26,feature27,feature28,feature29,feature30,feature31,feature32,feature33,feature34,feature35,feature36,feature37,feature38,feature39,feature40,feature41,feature42,feature43,feature44,feature45,feature46,feature47,feature48,feature49,feature50,feature51,feature52,feature53,feature54,feature55,feature56,feature57,feature58,feature59,feature60,feature61,feature62,feature63
1,789.2,333.6,419.2,448.8,506.0,548.2,557.5,429.4,535.4,559.8,542.7,583.2,614.7,644.1,675.9,544.4,622.6,614.0,675.1,581.7,614.8,652.5,652.6,540.6,574.7,618.7,670.5,553.9,623.8,649.1,674.3,611.7,652.3,713.5,710.7,631.2,692.6,735.2,762.5,652.9,732.1,720.0,725.5,690.6,735.3,731.4,751.5,604.3,649.1,693.8,711.8,673.0,705.1,728.2,739.9,635.0,708.0,720.7,740.2,699.0,726.0,740.0,770.2,622.9
2,495.9,308.9,377.2,397.1,484.5,425.4,537.2,380.0,506.9,430.1,488.7,545.1,602.6,544.0,577.1,478.1,523.5,500.7,551.1,525.3,566.8,551.7,591.3,492.1,578.2,526.2,550.8,576.2,570.5,565.1,652.9,567.6,654.1,598.2,623.1,571.0,656.8,634.2,710.3,635.8,681.6,587.9,708.4,660.9,692.7,631.9,715.8,562.9,641.6,583.2,653.9,566.6,622.3,620.7,693.3,593.4,635.0,629.3,676.7,619.5,691.6,639.7,746.0,559.0
3,407.4,324.2,410.2,401.9,523.5,421.3,566.9,385.8,520.1,428.8,531.0,554.2,890.2,564.0,630.5,465.2,569.4,494.8,591.6,486.3,608.7,528.3,618.9,492.7,591.1,491.1,592.5,516.2,665.7,570.5,619.8,546.4,662.8,596.3,686.6,565.5,662.2,678.6,748.8,573.1,706.8,607.5,687.6,662.3,744.7,657.5,765.5,552.1,643.2,551.2,663.4,559.9,692.7,641.1,714.0,576.4,653.4,609.1,694.9,618.5,792.2,682.3,720.8,554.3
4,451.5,324.7,438.0,459.5,596.0,514.1,611.9,430.0,575.4,524.2,651.9,559.1,642.6,635.1,739.8,514.5,664.7,604.9,702.0,544.7,686.7,647.3,733.8,554.5,639.7,604.2,711.5,542.2,668.5,617.9,747.4,582.8,702.6,681.3,789.7,635.6,755.0,690.1,777.3,637.3,737.5,756.5,776.5,640.4,772.7,755.0,788.8,569.0,693.8,673.9,780.1,641.4,724.6,675.6,804.7,635.1,760.1,693.4,819.1,647.2,777.0,728.3,834.3,590.5
5,493.9,335.8,461.4,430.7,556.7,463.4,599.0,410.3,597.6,465.9,593.4,517.4,677.0,551.4,736.5,511.6,659.7,555.7,666.1,544.2,663.8,614.3,735.5,500.7,639.0,561.0,708.5,546.6,677.1,598.4,741.3,588.5,736.8,601.9,737.6,611.3,733.0,664.1,821.9,631.3,742.0,625.1,820.4,985.0,804.5,671.4,802.1,593.6,763.4,614.2,733.3,616.8,724.6,637.7,778.7,661.9,746.9,638.9,775.5,671.4,777.7,687.9,847.1,602.4
6,513.9,350.3,488.7,452.2,585.5,469.4,600.1,419.7,582.6,486.0,630.0,533.3,687.4,571.2,702.8,504.9,644.6,553.4,668.6,545.5,715.8,577.3,697.2,502.9,647.6,528.5,679.1,538.4,688.5,579.5,691.4,609.8,729.7,620.7,772.2,654.0,741.7,663.1,855.2,642.8,762.9,661.8,792.7,664.9,849.4,688.3,861.6,583.2,704.4,639.6,764.8,663.2,774.0,682.9,808.2,600.8,737.9,687.8,766.1,700.8,871.1,706.1,814.2,591.1
7,510.9,364.7,559.2,495.8,648.7,574.2,700.5,485.4,625.6,574.1,712.8,589.0,759.6,671.8,818.4,542.8,724.6,635.1,792.3,609.5,764.4,670.1,849.2,548.6,733.7,607.4,819.3,613.2,729.4,687.5,850.4,607.4,797.4,697.2,879.7,641.2,839.1,742.2,898.5,652.9,831.4,757.1,871.4,713.2,836.3,762.8,919.3,622.8,792.1,690.0,890.2,648.1,802.4,723.2,858.2,681.4,874.5,730.8,883.3,673.1,847.5,741.3,902.0,622.3
8,530.8,381.2,565.3,492.0,655.3,513.6,682.8,478.3,660.8,508.0,703.2,577.6,754.5,643.5,775.3,551.4,713.9,577.2,748.1,561.7,724.1,603.7,838.7,539.8,694.4,571.0,783.0,611.0,771.3,607.4,810.5,604.0,837.3,626.7,809.4,641.5,811.9,692.1,901.3,642.9,811.9,661.3,819.9,697.2,862.9,720.4,933.3,602.5,834.6,630.0,828.5,654.6,812.3,702.1,875.0,659.1,851.2,672.6,847.7,691.8,883.0,708.5,873.3,613.0
9,628.0,404.1,607.2,471.6,730.1,554.6,715.2,483.2,693.1,506.7,694.1,609.0,767.7,607.2,816.8,574.4,771.1,599.0,757.6,565.9,794.8,631.5,825.2,535.6,781.3,579.3,770.1,561.7,800.2,630.9,796.8,620.0,808.1,654.8,842.2,649.2,850.4,685.9,899.7,646.1,822.2,683.6,859.5,695.8,869.8,734.5,933.9,613.4,821.5,642.7,851.8,656.1,842.4,704.1,894.8,648.8,829.2,701.6,894.5,734.2,871.6,752.0,907.1,626.1
10,688.5,422.4,694.3,531.8,772.3,606.0,821.0,545.4,768.6,634.0,836.1,624.2,841.7,709.8,970.6,592.4,817.5,701.4,891.5,643.2,894.5,714.6,959.0,609.2,858.1,677.0,899.3,629.0,862.7,719.5,915.8,659.5,900.8,736.0,936.7,716.1,931.9,801.3,996.6,748.2,950.5,785.5,971.6,734.6,970.9,810.5,1042.5,647.6,895.7,760.1,942.9,711.1,953.0,768.1,1021.3,693.6,951.5,763.2,1027.9,732.6,943.3,799.6,1011.2,668.3
11,689.0,445.1,672.9,517.6,778.8,553.0,804.7,557.8,791.3,561.3,816.6,615.3,883.4,648.6,911.0,612.1,827.7,670.6,867.3,641.2,861.2,669.2,885.3,586.2,818.9,624.9,852.8,621.1,863.6,693.0,889.4,702.0,882.7,712.6,933.9,689.8,913.9,733.8,986.9,682.5,938.0,714.1,969.7,737.1,980.9,753.7,1013.0,678.5,892.3,703.1,934.9,717.1,931.3,762.9,982.1,695.3,928.2,712.9,984.8,742.7,954.5,781.7,1026.1,673.0
12,691.5,468.3,715.2,548.0,815.1,550.9,814.5,549.9,791.5,549.2,797.2,627.7,865.3,690.9,916.4,576.6,829.7,627.4,888.6,636.8,904.1,669.8,904.5,586.8,839.0,616.5,909.9,614.5,867.6,641.1,891.8,674.1,918.6,686.1,936.2,678.2,924.0,757.1,1040.0,680.4,953.5,747.3,983.2,756.5,1008.8,773.4,1008.8,674.7,929.0,693.7,929.8,708.6,953.5,780.6,999.1,714.1,968.6,758.7,961.9,767.6,987.3,764.9,1028.1,662.9
13,1229.6,468.4,757.4,573.5,869.6,651.1,907.1,569.3,828.1,670.4,906.1,696.7,958.3,763.4,1025.8,646.1,917.7,721.9,1030.2,668.9,928.1,772.0,990.3,631.9,896.0,724.0,1007.9,705.5,941.9,769.6,1004.7,723.7,954.1,809.4,1040.2,761.0,999.9,830.7,1068.2,752.7,1592.0,836.3,1114.7,802.4,1068.1,871.0,1085.8,715.6,956.2,811.1,1059.8,763.1,1030.1,804.2,1056.0,749.7,1020.3,821.7,1077.4,775.3,1060.5,857.3,1073.5,712.0
14,774.2,497.7,758.8,565.9,865.0,603.2,859.7,563.3,838.0,591.8,877.0,653.9,914.5,703.7,1011.4,611.8,880.3,670.5,954.7,675.2,937.5,697.0,1287.2,649.8,906.6,664.9,960.6,666.8,932.4,726.6,1005.0,729.2,972.4,771.4,1062.7,727.6,1000.7,803.1,1051.1,723.8,1026.8,769.2,1049.4,765.4,1048.4,814.5,1119.3,700.2,981.2,739.3,1034.7,739.9,1004.2,776.0,1094.6,737.1,1057.6,752.3,1057.6,783.1,1059.8,817.3,1100.2,714.7
15,783.9,491.8,804.6,593.2,847.7,606.6,895.3,590.1,853.5,610.0,877.9,672.1,952.6,729.7,1002.2,636.4,921.4,662.2,958.5,711.7,979.9,688.9,1024.5,638.2,946.5,672.7,944.0,662.4,969.2,702.2,1017.3,712.4,1018.3,734.7,1019.6,731.9,1050.5,810.0,1097.6,741.9,1013.8,770.9,1054.0,784.8,1100.1,817.1,1106.8,711.7,999.6,736.6,1013.0,740.2,1038.8,800.6,1115.8,747.0,1029.0,743.1,1053.9,786.5,1081.3,822.9,1127.9,723.8
16,819.7,505.7,825.6,625.0,925.7,697.0,982.9,632.6,948.1,690.8,987.0,714.9,1012.2,818.3,1100.5,695.1,979.4,780.5,1076.7,697.2,1073.3,834.6,1093.0,681.1,993.2,753.9,1057.3,722.2,1025.7,833.5,1099.1,752.0,1102.1,828.6,1130.7,816.6,1153.1,1207.2,1191.8,833.6,1130.5,851.5,1176.2,794.4,1168.8,884.3,1241.1,757.8,1089.9,834.9,1141.8,778.4,1136.8,859.2,1153.4,798.6,1094.4,850.5,1185.8,833.5,1187.6,915.3,1201.4,750.0
17,881.6,524.3,886.7,609.4,922.2,627.1,1001.4,598.1,954.8,634.4,962.8,695.2,1056.7,759.0,1122.4,688.2,1008.3,716.3,1042.6,684.7,1043.9,751.6,1068.4,659.2,995.3,711.3,1044.6,688.1,1082.2,759.4,1094.1,751.8,1085.0,760.3,1128.3,769.8,1110.1,816.7,1153.7,797.2,1125.4,792.4,1134.5,807.1,1132.8,841.1,1195.0,758.1,1122.3,787.2,1121.6,787.9,1105.4,828.2,1145.6,793.8,1143.1,779.9,1148.3,861.0,1131.2,841.1,1172.3,731.9
18,921.5,532.4,898.8,614.6,953.7,641.4,1002.2,614.3,949.9,651.0,971.4,724.1,1082.9,736.0,1102.4,673.0,1385.8,702.5,1083.6,736.1,1061.6,747.8,1097.6,689.6,1037.8,702.3,1081.0,720.0,1066.0,734.2,1129.2,748.6,1119.7,795.2,1109.8,774.0,1148.8,814.8,1199.1,787.6,1119.9,834.0,1177.8,845.8,1205.2,840.3,1194.8,745.2,1112.9,804.8,1123.5,804.5,1136.3,813.1,1190.7,770.2,1126.5,816.9,1174.5,813.4,1233.4,881.0,1237.8,761.8
19,966.0,562.3,936.5,670.1,1036.7,743.4,1071.4,654.7,1014.2,759.5,1112.3,775.2,1120.3,852.4,1235.5,727.7,1094.3,831.2,1163.1,761.2,1171.4,832.4,1192.1,729.0,1129.6,830.4,1149.4,767.7,1123.2,861.5,1195.4,822.5,1183.3,927.5,1239.8,820.8,1203.2,907.5,1277.1,830.0,1196.8,907.5,1244.6,897.3,1235.8,915.3,1315.0,781.3,1175.8,866.8,1248.2,833.2,1178.8,899.4,1263.3,827.7,1204.7,918.4,1239.3,856.4,1256.6,925.8,1306.6,798.4
20,955.0,605.1,969.2,652.3,1049.7,690.2,1078.2,647.0,1041.1,664.0,1397.4,735.9,1470.2,813.7,1151.8,722.2,1118.3,767.9,1124.4,749.4,1135.9,774.4,1220.2,703.7,1083.3,758.8,1146.1,730.1,1183.3,782.2,1165.6,827.3,1195.6,858.2,1232.7,827.8,1528.3,861.1,1263.6,824.5,1220.0,850.7,1221.6,903.3,1247.4,890.8,1252.2,833.1,1186.0,820.9,1233.7,842.6,1224.4,849.5,1292.9,817.7,1189.3,839.8,1226.9,850.0,1234.4,907.8,1292.5,784.5
21,994.0,594.6,987.3,659.5,1053.7,694.5,1108.5,649.7,1059.4,674.6,1082.0,766.9,1145.4,772.7,1205.1,702.4,1120.0,759.7,1144.9,738.9,1147.2,811.8,1186.7,745.2,1149.2,750.0,1134.7,743.9,1176.2,789.7,1201.4,812.5,1218.7,861.3,1226.4,859.4,1234.1,870.8,1284.6,792.1,1204.5,866.6,1271.0,904.3,1291.1,922.3,1302.3,802.1,1219.0,820.7,1228.1,813.2,1232.2,870.2,1303.2,837.6,1215.9,855.1,1286.2,872.7,1308.1,908.1,1303.3,796.9
22,1002.5,601.1,994.8,697.5,1125.8,768.1,1175.7,702.3,1101.0,791.8,1189.0,827.6,1245.6,894.1,1309.9,765.9,1195.5,860.1,1242.0,831.5,1225.9,926.4,1305.7,755.4,1187.7,846.6,1298.5,848.8,1250.0,921.8,1283.1,846.5,1269.9,933.7,1344.8,893.6,1291.4,953.4,1338.1,891.4,1350.7,972.3,1357.8,925.2,1332.8,1004.0,1433.8,833.2,1234.9,918.1,1338.1,861.1,1304.5,934.8,1340.0,894.4,1326.9,956.8,1387.2,892.9,1334.2,1002.1,1395.2,825.5
23,1091.0,615.6,1050.4,709.6,1142.5,746.2,1166.0,684.5,1138.2,703.7,1143.7,823.0,1236.8,805.7,1264.4,786.3,1193.6,778.9,1237.8,845.9,1204.4,849.3,1282.7,753.1,1203.9,781.5,1225.9,819.0,1226.1,862.0,1268.1,832.3,1265.7,904.5,1308.4,889.9,1271.8,904.5,1378.3,879.5,1311.9,921.5,1327.9,946.3,1362.7,931.8,1389.1,849.2,1280.4,848.0,1310.4,836.5,1331.5,911.7,1317.9,871.8,1320.9,873.8,1369.1,901.1,1346.0,944.6,1378.8,830.6
24,1083.0,656.5,1097.3,713.3,1156.7,741.7,1175.7,714.3,1164.1,726.6,1181.8,807.6,1246.6,820.5,1290.6,763.9,1257.0,779.2,1246.2,814.2,1287.3,856.0,1276.5,752.6,1202.2,812.0,1237.7,817.0,1245.2,842.3,1287.4,853.2,1282.1,894.3,1338.0,906.3,1318.1,917.7,1424.0,865.6,1327.5,903.2,1340.7,909.6,1361.2,960.1,1433.9,849.4,1329.5,861.2,1331.4,853.5,1318.8,917.8,1376.8,905.0,1307.0,890.9,1357.9,905.6,1346.7,935.6,1422.3,845.7
25,1092.3,653.7,1115.8,749.1,1227.2,817.2,1296.9,760.6,1230.7,877.9,1271.8,840.0,1318.8,915.0,1401.1,808.3,1305.6,890.5,1356.6,873.6,1334.2,969.4,1368.1,838.5,1263.7,904.0,1355.7,850.0,1386.7,946.0,1373.8,884.3,1370.1,1009.9,1398.3,944.8,1414.6,1009.4,1459.5,923.1,1381.0,999.5,1435.3,945.7,1415.5,1008.7,1503.4,881.6,1375.8,949.6,1409.5,893.9,1396.2,1019.1,1471.6,934.0,1378.9,976.2,1447.1,932.6,1410.5,1022.5,1485.9,898.6
26,1176.3,680.4,1159.6,727.1,1235.0,766.3,1275.3,728.9,1204.8,790.1,1246.7,845.4,1337.8,856.7,1360.4,801.3,1314.2,827.0,1344.4,840.2,1307.0,900.6,1335.8,836.8,1292.0,850.5,1310.8,824.7,1341.5,903.0,1362.4,894.7,1383.5,926.1,1376.1,942.5,1409.2,983.6,1474.0,914.9,1359.0,929.5,1404.4,944.7,1432.5,996.9,1460.4,887.0,1391.3,894.7,1364.5,910.8,1376.7,972.8,1455.9,910.1,1409.5,947.3,1431.7,945.4,1419.0,993.7,1482.6,891.6
27,1168.9,698.2,1172.7,745.4,1229.3,768.8,1271.4,726.6,1273.3,803.1,1294.3,817.7,1382.0,849.6,1399.0,808.8,1344.4,828.1,1355.8,846.9,1337.7,897.3,1349.2,813.7,1300.1,858.3,1380.6,852.5,1359.9,865.7,1658.4,892.6,1422.6,903.0,1409.6,887.1,1432.6,973.0,1483.7,891.8,1392.0,962.6,1441.0,978.0,1452.0,993.5,1483.8,886.3,1418.6,918.2,1390.9,1243.4,1395.0,965.7,1465.2,922.4,1430.7,957.8,1455.3,980.1,1436.3,1032.1,1491.5,922.6
28,1222.0,668.8,1224.0,801.9,1357.3,876.2,1352.9,785.8,1337.4,881.6,1419.9,883.8,1428.7,972.2,1489.7,840.7,1383.1,950.8,1468.3,879.5,1407.6,1016.9,1449.0,1167.6,1363.7,933.4,1451.1,901.0,1426.9,974.8,1487.2,920.6,1477.6,1019.3,1487.9,962.0,1474.8,1063.1,1546.3,973.2,1475.9,1066.4,1523.2,987.0,1491.6,1070.4,1555.5,923.5,1458.5,1004.9,1504.0,980.3,1471.4,1028.9,1513.3,1009.5,1494.2,1048.6,1559.0,1011.3,1504.6,1068.1,1592.5,937.4
29,1211.5,712.4,1222.9,780.6,1343.5,804.6,1327.7,803.5,1315.4,819.7,1361.9,857.1,1427.1,922.1,1443.2,847.9,1378.8,892.0,1428.4,892.3,1405.9,920.1,1420.0,848.2,1369.0,901.2,1430.5,858.5,1438.6,911.7,1451.1,928.5,1482.1,941.1,1508.0,924.9,1471.5,999.2,1536.4,974.1,1858.7,972.8,1531.1,1013.2,1517.9,1045.6,1586.5,933.9,1486.4,970.9,1484.1,966.3,1475.1,996.8,1530.1,975.6,1493.7,979.9,1503.6,996.1,1534.6,1047.9,1571.3,936.8
30,1278.4,751.1,1289.6,773.3,1370.4,815.1,1338.1,789.0,1337.3,794.4,1370.4,891.9,1453.9,936.1,1461.5,837.2,1408.1,879.4,1454.6,885.7,1445.3,927.5,1448.5,870.8,1685.4,884.9,1457.5,898.1,1486.3,935.9,1469.5,943.0,1478.2,967.2,1500.6,957.8,1487.4,1052.0,1561.6,989.1,1502.5,994.1,1575.1,1019.3,1583.4,1041.6,1582.9,945.4,1538.8,944.4,1814.8,948.2,1521.4,1007.4,1565.2,953.0,1491.2,993.1,1534.7,1017.6,1568.4,1031.6,1568.9,939.6
31,1319.6,728.0,1333.8,821.3,1412.8,1245.8,1439.1,833.4,1397.4,902.3,1476.6,918.3,1534.9,1039.4,1576.1,888.7,1467.4,997.3,1524.7,988.6,1493.2,1041.6,1544.1,900.1,1483.0,1009.5,1531.2,946.3,1540.5,1032.4,1586.3,984.5,1514.1,1062.9,1615.5,1011.4,1562.1,1114.7,1664.7,1014.5,1567.6,1105.5,1630.6,1026.3,1600.8,1109.3,1676.7,979.0,1555.3,1040.0,1589.7,1018.9,1571.7,1086.7,1633.4,1012.3,1607.1,1073.9,1623.1,1062.2,1649.7,1118.9,1658.8,978.3
32,1353.7,741.1,1356.0,819.3,1721.0,859.2,1420.5,815.1,1407.3,850.2,1474.9,917.1,1510.2,960.2,1561.0,873.0,1477.1,922.3,1508.7,968.8,1514.4,991.7,1561.0,905.8,1466.1,942.0,1508.2,918.8,1527.9,957.0,1550.1,978.8,1554.1,983.7,1579.4,987.0,1577.9,1052.6,1962.6,990.8,1578.6,1031.7,1614.0,1066.8,1659.1,1102.4,1651.4,1006.4,1530.2,1000.5,1579.0,997.4,1562.7,1063.3,1638.7,994.7,1577.2,1019.9,1600.2,1028.0,1632.0,1094.7,1644.3,977.5
33,1380.5,778.3,1370.8,819.2,1419.2,850.0,1476.0,822.5,1432.3,867.8,1496.7,937.3,1534.2,966.4,1559.3,896.2,1508.1,917.1,1849.3,955.3,1561.0,970.5,1579.7,920.2,1502.3,935.6,1553.3,912.9,1532.7,975.0,1562.0,986.0,1617.4,984.4,1655.8,998.6,1602.8,1105.4,1694.6,1027.6,1598.0,1032.6,1628.5,1058.3,1649.4,1080.2,1680.2,990.7,1579.3,1013.3,1609.6,1014.0,1619.2,1038.0,1635.3,1030.3,1589.1,1061.0,1613.7,1046.2,1646.2,1093.7,1702.6,1008.3
34,1418.1,787.0,1383.9,870.0,1507.5,959.9,1562.5,873.1,1495.9,968.5,1581.9,1012.2,1595.0,1367.7,1959.5,926.8,1561.0,1050.9,1631.4,975.8,1604.5,1069.8,1671.1,962.2,1583.5,1038.5,1643.5,974.0,1606.7,1068.4,1642.7,1015.1,1644.3,1106.8,1682.8,1040.2,1684.5,1145.2,1744.8,1086.4,1671.1,1170.3,1719.1,1066.8,1695.2,1171.4,2059.3,1014.2,1655.8,1099.2,1710.3,1055.4,1642.9,1124.1,1730.1,1065.4,1681.4,1117.7,1753.2,1103.1,1686.4,1187.9,1737.4,1021.9
35,1442.2,792.6,1430.6,859.5,1514.0,886.9,1518.2,871.6,1524.2,941.8,1529.1,978.8,1603.3,1013.4,1650.0,943.7,1586.3,967.3,1603.9,952.5,1582.9,1034.3,1668.6,940.8,1577.9,968.2,1603.8,959.9,1607.3,1043.7,1613.6,1038.4,1692.3,1028.9,1642.3,1065.5,1644.7,1101.9,1778.4,1044.6,1719.9,1061.5,1697.4,1107.0,1730.9,1395.2,1740.6,1041.1,1660.3,1061.2,1695.2,1047.3,1684.9,1103.6,1729.4,1047.7,1686.5,1089.5,1695.0,1077.1,1736.8,1128.1,1743.1,1014.2
36,1455.6,779.1,1448.7,858.1,1518.4,926.4,1558.0,866.7,1566.7,919.4,1578.8,974.9,1647.4,992.3,1656.2,940.9,1628.3,973.0,1649.2,995.3,1616.8,1002.4,1646.0,951.0,1579.5,1009.4,1674.6,998.7,1615.5,1003.1,1648.2,1042.2,1689.8,1093.5,1706.9,1053.1,1722.3,1085.5,1745.5,1099.2,1666.4,1113.7,1730.2,1090.1,1773.6,1171.0,1752.9,1028.4,1703.0,1035.8,1694.2,1055.0,1683.3,1090.0,1753.4,1046.8,1721.8,1075.7,1719.5,1131.7,1754.0,1140.4,1791.6,1063.9
37,1522.0,810.2,1499.0,919.3,1617.6,993.4,1651.0,913.0,1590.7,995.5,1665.9,1049.4,1687.2,1144.8,1786.7,1014.9,1639.9,1058.3,1708.9,1055.5,1691.9,1122.7,1770.1,988.9,1664.8,1079.4,1734.3,1037.6,1729.7,1113.3,1764.9,1068.5,1752.4,1157.0,1783.0,1104.5,1763.5,1224.2,1844.3,1120.6,1782.2,1178.0,1821.0,1135.5,1778.0,1194.6,1852.8,1047.2,1708.7,1180.2,1815.2,1085.5,1803.1,1183.5,1850.0,1099.6,2106.4,1181.9,1844.0,1133.3,1775.7,1221.6,1835.4,1061.6
38,1527.1,816.4,1525.5,894.1,1590.3,987.6,1620.9,901.5,1586.6,945.4,1644.4,1019.9,1712.1,1045.4,1717.6,989.2,1685.8,1028.6,1693.0,993.0,1717.8,1056.3,1725.1,974.4,1651.4,1029.1,1720.7,1004.6,1689.8,1065.7,1721.6,1070.1,1786.3,1080.2,1783.5,1056.5,1743.5,1142.6,1802.1,1109.1,1783.8,1109.9,1777.5,1132.3,2118.6,1172.3,1815.6,1100.3,1747.1,1101.3,1760.0,1096.6,1745.1,1136.0,1821.0,1106.4,1786.0,1098.4,1776.4,1166.7,1794.6,1154.0,1833.1,1065.7
39,1543.1,845.1,1565.6,902.8,1613.7,979.6,1637.9,911.4,1629.9,950.4,1662.7,1002.7,1744.9,1066.8,1738.9,989.6,1695.8,1011.6,1712.3,1025.2,1706.9,1053.6,1750.2,1029.2,1695.1,1064.9,1713.6,1040.2,1729.1,1071.7,1751.5,1065.8,1766.7,1103.9,1796.6,1113.8,1776.3,1173.9,1863.2,1079.1,1778.1,1106.3,1820.0,1189.6,1835.2,1180.5,1850.8,1074.7,1779.9,1106.1,1771.4,1067.6,1778.1,1135.9,1828.9,1092.4,1781.5,1135.1,1816.4,1125.0,1847.8,1159.4,1843.5,1078.6
40,1581.6,844.1,1552.5,973.1,1676.5,1033.8,1756.3,964.7,1672.2,1071.1,1742.6,1099.0,1778.9,1162.8,1870.1,1052.6,1786.3,1125.5,1816.6,1104.1,1789.0,1172.7,1869.5,1038.1,1733.1,1110.0,1821.9,1075.3,1822.6,1173.7,1865.8,1093.2,1826.9,1214.9,1876.2,1137.8,1875.4,1220.8,1959.6,1178.1,1876.9,1226.2,1938.8,1186.6,1898.1,1221.2,1914.0,1111.7,1815.5,1177.1,1889.4,1162.5,1837.3,1205.0,1941.4,1163.8,1859.8,1212.3,1930.3,1170.3,1869.5,1277.4,1936.8,1109.9
41,1630.8,876.5,1620.7,968.8,1704.7,1020.8,1746.4,963.2,1694.8,1005.0,1723.3,1051.8,1793.6,1116.8,1833.0,1035.6,1753.5,1067.2,1787.8,1060.9,1787.5,1104.9,1866.9,1039.4,1775.5,1079.9,1779.1,1072.7,1771.2,1108.4,1804.7,1397.5,1873.7,1130.8,1865.8,1134.9,1874.7,1170.6,1923.2,1155.4,1862.4,1185.4,2217.2,1184.9,1917.1,1195.3,1908.6,1096.2,1829.5,1113.0,1842.4,1123.2,1865.8,1161.7,1944.3,1161.5,1860.2,1155.3,1879.4,1164.2,1921.1,1211.3,1908.8,1119.2
42,1633.2,882.0,1624.3,946.8,1700.6,1011.8,1707.6,968.3,1734.0,983.5,1748.1,1055.8,1806.9,1081.5,1833.5,1024.1,1790.7,1066.5,1829.5,1089.0,1797.0,1087.2,1838.4,1026.2,1793.1,1060.9,1817.8,1074.4,1810.1,1110.1,2131.7,1124.9,1888.3,1151.5,1867.8,1135.9,1914.4,1201.9,1936.3,1150.8,1876.6,1463.9,1945.5,1207.7,1968.4,1237.7,1945.4,1134.0,1857.8,1132.3,1895.6,1139.4,1905.8,1199.0,1954.8,1136.8,1847.8,1159.8,1921.8,1173.8,1920.9,1205.5,1939.0,1108.5
43,1685.9,908.1,1719.3,1014.5,1776.8,1078.9,1838.9,1000.4,1784.7,1116.0,1843.2,1132.3,1916.0,1258.3,1938.8,1075.9,1820.7,1163.2,1959.8,1106.6,1856.0,1240.4,1989.1,1098.5,1856.7,1192.6,1933.8,1106.4,1866.0,1228.9,1939.3,1136.7,1933.6,1214.8,2002.5,1192.3,1966.7,1300.8,2015.4,1196.4,1960.2,1293.5,2046.8,1218.6,2031.6,1302.1,2030.2,1148.1,1917.6,1219.6,1999.8,1176.7,1959.8,1259.8,2003.5,1230.1,1939.0,1249.7,2017.7,1235.3,2009.5,1325.3,2031.7,1131.9
44,1709.8,906.0,1707.7,1001.7,1783.5,1087.6,1806.2,1007.0,1801.8,1031.8,1825.2,1107.8,1882.7,1166.2,1924.5,1061.4,1859.8,1097.1,1912.7,1102.2,1866.9,1133.9,1928.8,1075.2,1870.7,1111.2,2183.1,1427.2,1891.5,1157.3,1915.2,1177.4,1943.7,1164.4,1930.5,1183.1,1974.1,1255.1,2000.2,1167.4,1957.6,1231.2,2002.7,1217.4,2018.2,1265.1,2038.7,1175.8,1930.5,1186.3,1944.4,1151.5,1945.9,1230.2,1996.0,1188.7,1937.3,1180.2,1964.1,1247.0,1994.7,1288.1,2051.4,1172.0
45,2071.3,929.3,1763.5,1003.9,1806.8,1063.2,1853.9,995.9,1817.2,1044.5,1843.1,1119.6,1918.9,1145.6,1914.3,1088.3,1870.5,1104.1,1950.4,1099.6,1915.1,1147.6,1985.2,1063.2,1885.8,1165.2,1969.6,1131.8,1910.0,1141.1,1915.7,1157.0,2003.3,1188.5,1952.7,1172.2,1983.7,1257.5,2051.9,1178.3,1963.5,1229.7,2020.4,1216.2,2025.5,1270.4,2066.1,1160.7,1976.4,1159.4,2003.8,1214.8,1969.5,1246.2,2010.6,1174.4,1962.8,1225.8,2031.1,1202.7,2045.7,1263.9,2053.1,1168.9
46,1771.6,950.6,1797.1,1367.7,1881.0,1158.3,1946.2,1045.4,1894.3,1174.5,1926.0,1189.5,1971.8,1266.0,2045.7,1122.4,1938.5,1230.5,2028.4,1199.4,1987.2,1258.9,2062.5,1146.9,1949.9,1215.2,2048.3,1151.6,1976.3,1241.9,2053.1,1201.9,2047.3,1289.8,2065.1,1239.0,2040.7,1304.0,2112.8,1273.8,2064.6,1319.7,2086.3,1265.9,2075.8,1329.6,2132.8,1201.6,2000.4,1240.4,2058.6,1244.8,2025.8,1311.6,2116.2,1285.9,2043.8,1332.2,2120.1,1258.7,2095.3,1314.3,2098.9,1206.5
47,1798.6,987.6,1815.0,1057.9,2166.3,1073.7,1918.0,1050.4,1875.0,1107.6,1887.7,1143.1,1988.2,1167.4,2029.4,1113.9,1944.3,1143.7,1985.2,1475.5,1991.2,1195.4,2010.1,1127.6,1931.3,1140.3,1974.2,1190.1,1976.2,1176.7,2042.7,1197.7,2040.8,1225.6,2056.8,1229.9,2028.2,1268.9,2092.0,1239.0,2076.9,1231.0,2121.0,1296.0,2089.8,1290.2,2142.2,1229.5,2030.0,1207.3,2063.3,1214.7,2056.3,1258.9,2124.2,1254.7,2077.6,1274.3,2073.2,1295.5,2082.3,1289.0,2129.4,1190.9
48,1847.2,982.5,1827.9,1046.2,1906.5,1117.7,1939.4,1064.0,1900.0,1106.6,1903.8,1166.0,2023.7,1168.4,2043.9,1128.9,1981.3,1128.6,2029.1,1198.5,2006.4,1180.4,2015.9,1128.8,1984.0,1197.3,1993.1,1172.9,2009.6,1178.7,2018.2,1208.8,2052.8,1219.3,2065.6,1206.3,2037.5,1284.9,2108.9,1214.5,2096.4,1240.0,2095.3,1270.8,2098.6,1306.0,2139.0,1500.5,2047.4,1274.8,2067.4,1217.1,2080.8,1265.1,2115.4,1228.4,2068.1,1253.5,2124.3,1287.8,2159.9,1282.7,2142.4,1212.1
49,1839.0,984.1,1880.4,1124.5,1967.8,1176.0,2059.8,1092.3,1951.0,1190.9,2029.4,1208.6,2082.0,1332.9,2149.7,1171.3,2027.2,1293.5,2098.3,1230.0,2070.3,1294.1,2119.2,1180.5,2031.9,1260.7,2098.9,1189.6,2047.9,1312.6,2135.6,1227.0,2093.9,1318.7,2159.9,1269.7,2162.0,1350.3,2210.1,1297.4,2128.4,1349.5,2194.8,1331.7,2192.8,1400.4,2233.2,1232.4,2109.5,1333.0,2134.2,1287.1,2112.1,1331.5,2206.5,1286.6,2139.6,1358.7,2231.2,1311.3,2163.2,1378.9,2232.4,1243.9
50,1875.2,1008.0,1907.7,1088.2,1976.1,1150.6,2006.4,1125.0,1961.0,1107.8,2021.2,1195.4,2390.4,1269.7,2119.6,1168.9,2045.1,1209.0,2094.4,1169.7,2057.5,1251.4,2081.0,1146.4,2067.0,1187.2,2083.5,1206.7,2096.4,1246.4,2143.4,1237.7,2125.7,1269.5,2137.4,1245.1,2139.9,1319.1,2193.3,1299.9,2154.3,1299.7,2163.1,1353.2,2181.2,1353.6,2215.1,1256.9,2119.0,1263.5,2158.6,1278.7,2180.6,1308.4,2197.2,1286.2,2162.2,1298.3,2178.1,1326.1,2214.9,1326.0,2187.4,1259.6
51,1922.2,1020.0,1939.9,1104.2,1987.2,1148.6,2009.4,1089.8,1984.4,1487.8,2039.6,1219.8,2091.3,1253.4,2115.0,1163.7,2072.0,1195.6,2088.4,1205.7,2125.4,1242.6,2112.3,1158.5,2060.5,1193.3,2096.5,1203.3,2114.5,1227.3,2129.0,1244.4,2160.6,1263.5,2159.3,1302.8,2149.3,1318.0,2235.2,1286.8,2150.4,1334.7,2193.4,1317.6,2207.5,1665.9,2261.1,1259.5,2121.7,1260.5,2161.4,1274.8,2172.3,1303.8,2263.9,1273.7,2172.8,1295.3,2181.0,1328.5,2197.4,1309.4,2241.6,1263.1
52,1941.0,1016.7,1966.1,1147.6,2049.8,1232.1,2110.1,1161.1,2059.3,1228.2,2121.5,1262.6,2160.1,1354.8,2221.2,1204.4,2120.1,1295.1,2196.5,1303.8,2175.1,1363.1,2240.7,1217.2,2136.7,1317.2,2199.9,1246.3,2161.2,1342.3,2231.7,1276.1,2216.4,1384.3,2262.0,1353.9,2231.4,1364.9,2305.8,1327.8,2252.7,1416.1,2322.1,1367.0,2585.8,1426.5,2320.3,1280.2,2219.9,1357.0,2285.9,1327.2,2246.5,1379.5,2303.5,1349.5,2239.6,1384.6,2283.7,1361.7,2288.0,1414.1,2335.5,1285.8
53,1959.0,1067.5,1978.6,1147.2,2086.5,1203.2,2099.4,1126.3,2051.6,1176.3,2126.9,1252.7,2163.6,1274.4,2201.4,1226.7,2125.6,1235.2,2165.0,1261.1,2170.2,1287.3,2188.1,1195.9,2140.5,1251.8,2146.4,1216.9,2186.1,1259.1,2182.9,1283.9,2209.9,1321.9,2254.6,1333.3,2257.0,1340.2,2287.2,1331.1,2250.6,1360.2,2280.2,1370.7,2282.3,1375.5,2310.2,1283.7,2215.1,1303.9,2233.4,1296.7,2246.0,1355.7,2278.5,1341.1,2255.5,1349.2,2272.8,1376.6,2283.0,1368.6,2321.4,1292.5
54,1989.0,1071.5,2005.0,1152.9,2070.3,1199.1,2115.4,1149.0,2094.9,1167.4,2112.4,1225.8,2178.3,1276.8,2239.4,1225.3,2151.6,1274.6,2185.4,1266.8,2198.4,1263.8,2214.2,1197.9,2157.8,1269.9,2226.7,1233.1,2185.0,1262.8,2228.1,1295.0,2245.3,1333.7,2240.5,1337.3,2234.8,1356.6,2341.7,1291.2,2286.7,1359.1,2297.3,1384.9,2307.7,1406.8,2334.9,1282.3,2247.3,1310.1,2255.3,1293.2,2249.9,1371.1,2327.3,1325.1,2260.0,1328.8,2280.1,1379.3,2309.9,1394.9,2335.6,1291.3
55,2025.4,1084.1,2033.9,1188.3,2165.9,1281.0,2248.3,1194.5,2159.2,1286.2,2209.2,1276.8,2265.6,1375.8,2318.1,1263.9,2217.9,1333.4,2278.7,1295.4,2301.8,1366.2,2333.2,1266.5,2234.3,1324.7,2284.4,1284.8,2256.7,1397.0,2321.6,1340.1,2315.7,1427.5,2354.9,1380.8,2324.2,1417.3,2396.3,1349.0,2347.8,1471.3,2676.0,1433.4,2377.2,1487.7,2408.7,1305.0,2294.9,1424.2,2360.6,1336.0,2339.2,1420.2,2426.5,1384.2,2330.3,1456.0,2380.3,1400.5,2368.7,1451.7,2413.9,1328.2
56,2070.7,1084.6,2095.9,1183.5,2159.5,1214.1,2194.5,1175.1,2192.7,1215.1,2179.9,1260.0,2254.4,1330.8,2283.6,1232.9,2226.7,1266.0,2260.2,1274.1,2296.4,1307.5,2320.6,1272.2,2208.4,1266.4,2265.8,1320.1,2248.2,1311.8,2569.9,1350.2,2326.4,1350.3,2330.8,1395.5,2318.3,1399.4,2374.7,1345.7,2342.8,1373.6,2325.0,1410.7,2366.1,1463.1,2398.7,1309.2,2316.0,1352.8,2373.4,1341.9,2329.9,1387.5,2406.5,1393.6,2343.0,1386.3,2339.6,1417.9,2370.9,1432.3,2704.6,1338.8
57,2115.4,1128.4,2113.1,1198.0,2181.9,1239.8,2221.3,1191.5,2169.3,1211.7,2249.5,1278.2,2287.4,1317.4,2312.6,1241.6,2265.9,1271.6,2272.9,1274.3,2299.5,1302.5,2314.8,1253.0,2258.8,1271.0,2290.6,1341.4,2267.7,1316.6,2310.6,1656.4,2346.9,1371.4,2360.6,1401.2,2328.5,1433.8,2424.1,1335.4,2333.5,1406.3,2355.4,1440.8,2401.5,1440.6,2442.7,1326.0,2342.9,1381.8,2367.8,1337.0,2335.2,1406.5,2425.2,1378.8,2333.5,1414.7,2393.6,1454.1,2374.7,1435.9,2412.5,1619.0
58,2139.6,1143.3,2125.4,1238.4,2245.5,1333.6,2313.6,1258.7,2260.8,1318.7,2317.8,1359.4,2345.9,1423.9,2428.2,1305.9,2318.1,1366.9,2377.4,1315.2,2357.8,1420.4,2403.9,1294.9,2348.0,1355.3,2708.0,1380.5,2373.4,1430.2,2422.1,1396.2,2392.9,1446.2,2462.6,1433.4,2388.1,1511.5,2519.7,1402.9,2412.4,1485.1,2474.3,1433.4,2462.9,1493.9,2513.7,1357.7,2382.0,1443.6,2470.0,1382.7,2419.5,1478.1,2502.0,1430.4,2413.3,1512.5,2478.5,1435.3,2429.6,1547.7,2498.7,1386.6
59,2183.8,1157.0,2495.0,1232.0,2266.0,1281.0,2273.2,1223.9,2254.4,1263.5,2296.0,1366.0,2394.0,1363.3,2382.7,1289.1,2317.6,1307.0,2345.5,1324.9,2351.9,1378.9,2395.2,1274.1,3041.3,1299.4,2344.2,1359.8,2349.8,1372.3,2373.3,1386.7,2438.7,1382.5,2452.1,1390.0,2411.9,1451.5,2492.2,1381.6,2423.3,1436.3,2442.7,1463.9,2472.0,1475.9,2494.0,1374.5,2414.8,1384.7,2417.3,1367.6,2425.5,1446.8,2489.8,1406.8,2424.3,1415.4,2467.0,1433.6,2447.5,1491.9,2508.1,1385.4
60,2215.1,1151.4,2213.5,1256.0,2284.6,1247.5,2298.8,1214.5,2273.8,1266.4,2307.0,1357.2,2398.5,1378.1,2402.4,1307.5,2331.6,1313.7,2367.6,1334.0,2392.9,1394.5,2397.4,1276.3,2365.2,1306.4,2367.0,1651.1,2372.5,1353.4,2394.6,1400.0,2447.3,1391.9,2485.0,1379.9,2413.5,1465.4,2828.2,1423.5,2421.7,1469.1,2464.2,1494.1,2476.1,1504.7,2501.2,1378.8,2422.6,1403.6,2436.3,1388.7,2447.0,1449.2,2507.3,1410.9,2423.5,1411.1,2479.0,1446.8,2487.2,1510.3,2535.6,1384.0
61,2235.2,1179.0,2242.5,1276.0,2690.5,1345.6,2403.9,1285.6,2334.1,1404.3,2386.0,1406.9,2441.9,1497.8,2517.6,1354.2,2421.0,1417.7,2463.6,1378.4,2454.7,1498.3,2523.5,1328.8,2411.1,1412.9,2465.9,1443.3,2488.1,1469.7,2521.2,1416.5,2493.1,1492.8,2524.5,1430.5,2510.2,1555.8,2591.8,1487.7,2498.4,1542.5,2548.5,1492.2,2529.2,1562.5,2604.8,1416.4,2482.7,1518.9,2561.3,1451.8,2491.1,1540.5,2614.3,1462.4,2519.9,1522.5,2559.3,1481.5,2533.9,1564.2,2615.0,1411.1
62,2278.7,1185.1,2272.2,1275.3,2366.7,1287.4,2374.6,1272.8,2339.9,1313.5,2349.7,1418.6,2460.1,1411.9,2460.3,1361.3,2414.2,1337.9,2441.4,1381.8,2456.8,1412.0,2494.2,1309.3,2418.5,1345.5,2427.1,1398.0,2468.2,1428.5,2480.4,1441.7,2499.4,1482.1,2495.8,1431.3,2507.8,1498.7,2578.8,1470.1,2513.6,1475.9,2542.5,1468.8,2600.6,1549.8,2595.6,1407.0,2525.5,1442.5,2523.2,1445.4,2500.3,1520.3,2568.9,1473.9,2537.8,1486.5,2825.2,1511.5,2550.6,1526.9,2575.8,1425.4
63,2303.5,1204.7,2290.5,1299.0,2361.9,1282.2,2404.4,1281.5,2394.2,1323.6,2389.3,1397.5,2486.6,1384.9,2485.0,1373.8,2456.3,1359.8,2449.7,1724.2,2473.4,1396.8,2546.3,1326.0,2423.5,1354.9,2465.0,1386.3,2482.0,1448.6,2485.4,1436.5,2514.9,1447.4,2520.5,1448.6,2541.9,1479.7,2625.7,1448.6,2540.4,1510.0,2581.5,1486.7,2605.9,1534.8,2624.9,1422.7,2533.8,1432.4,2548.5,1442.6,2537.0,1481.7,2587.0,1444.7,2584.8,1465.9,2577.7,1486.1,2594.6,1536.7,2619.5,1420.4
64,2317.9,1207.4,2327.8,1326.0,2443.5,1390.4,2496.7,1356.0,2453.4,1427.9,2483.4,1457.2,2566.5,1501.1,2598.0,1424.5,2505.8,1487.5,2560.7,1418.8,2531.5,1514.9,2634.0,1368.2,2496.2,1470.6,2552.1,1436.7,2517.2,1541.9,2603.5,1433.5,2576.9,1539.1,2599.6,1507.2,2617.7,1578.9,2669.0,1532.9,2627.6,1579.6,2671.3,1553.5,2625.1,1590.3,2684.1,1444.9,2563.1,1528.1,2623.4,1494.2,2604.5,1572.9,2670.1,1504.4,2617.0,1591.0,2669.3,1550.0,2671.0,1599.5,2686.6,1474.6
